1,"
“上海市浦东新区曹路区级征收安置房11-01地块项目”建设工程设计方案调整公示
",2018-02-02
2,"
“浦东新区惠南镇红光村“城中村”B7b-11动迁安置房地块”项目规划设计方案的公示
",2018-02-02
3,"
“大团中学校安加固及拆建工程”项目规划设计方案的公示
",2018-02-02
4,"
“祝桥镇凉亭路东段（千汇路--川南奉公路）道路新建工程”项目规划设计方案的公示
",2018-02-01
5,"
“祝桥镇规划路东段（百熙南路--张唐港）道路新建工程”项目规划设计方案的公示
",2018-02-01
6,"
“双江路（江心沙路--港城路）新建工程”项目建设工程设计方案的公示
",2018-01-30
7,"
“浦东新区惠南镇红光村“城中村”A5-2动迁安置房地块”项目规划设计方案的公示
",2018-01-29
8,"
“浦东大道1550号地块综合开发项目1-06-04地块幼儿园项目”规划设计方案调整的公示
",2018-01-26
9,"
“上海市军队离休退休干部活动中心浦东分中心立面改造工程项目”项目规划设计方案的公示
",2018-01-26
10,"
“华洲北路（华夏东路--川周公路）改建工程”项目建设工程设计方案的公示
",2018-01-24
11,"
“上海市浦东新区民乐大型居住社区K04-03地块项目”项目规划设计方案的公示
",2018-01-19
12,"
“上海市浦东新区民乐大型居住社区F05-02地块经济适用房项目”项目规划设计方案的公示
",2018-01-18
13,"
“金团路（永晨路--永旺路）新建工程”项目建设工程设计方案的公示
",2018-01-16
14,"
“三林滨江南区地区（东片区）东育路（华夏西路--外环线）新建工程”项目建设工程设计方案的公示
",2018-01-16
15,"
“川沙新镇六灶社区06-03地块配套中学新建工程”项目规划设计方案的公示
",2018-01-10
16,"
“川沙新镇六灶社区06-02地块小学项目”项目规划设计方案的公示
",2018-01-10
17,"
“川沙新镇六灶社区05-03地块幼儿园新建工程项目”项目规划设计方案的公示
",2018-01-10
18,"
“浦东大道1550号1-04-06、1-04-07地块项目”项目规划设计方案调整的公示
",2018-01-09
19,"
“上海浦东足球场”项目规划设计方案的公示
",2018-01-09
20,"
“永旺东路（永达路--金团路）新建工程”项目建设工程设计方案的公示
",2018-01-08
21,"
“新川路（唐黄路--德轩路）新建工程”项目建设工程设计方案的公示
",2018-01-08
22,"
“上海斯米克龙东路商品房地块”项目规划设计方案的再公示
",2018-01-02
23,"
“前滩50-01地块（商住）项目”局部补充间距尺寸调整的公示
",2017-12-29
24,"
“金穗路（金海路--桂桥路）新建工程”项目建设工程设计方案的公示
",2017-12-29
25,"
“创新中路（顾唐路--华东路）改建工程”项目建设工程设计方案的公示
",2017-12-29
26,"
“浦东大道1550号地块综合开发项目1-07-03地块住宅项目”规划设计方案调整的公示
",2017-12-29
27,"
“110千伏泰邦输变电工程”项目规划设计方案的公示
",2017-12-25
28,"
“上海市浦东新区曹路区级征收安置房11-01地块项目”建设工程设计方案公示
",2017-12-22
29,"
“张衡路（罗山路--毕升路路口东侧）改建工程”项目建设工程设计方案的公示
",2017-12-21
30,"
“祝桥新镇投资公司C地块（2-3-1地块）新建商业用房项目”项目规划设计方案的公示
",2017-12-20
31,"
“祝桥镇市民服务中心新建工程”项目规划设计方案的公示
",2017-12-19
32,"
“上海飞机制造有限公司浦东基地倒班宿舍楼建设项目”项目规划设计方案的公示
",2017-12-19
33,"
“赣桥路（金海路--桂桥路）新建工程”项目规划设计方案的公示
",2017-12-19
34,"
“轨交14号线蓝天路站地下连接疏散通道”项目规划设计方案的公示
",2017-12-19
35,"
“华东路（航津路--洲海路）新建工程”项目建设工程设计方案的公示
",2017-12-14
36,"
“上海市浦东新区惠南民乐大型居住社区K05-01地块动迁安置房地块”项目规划设计方案的公示
",2017-12-13
37,"
“浦东新区合庆镇川沙北社区D10B-04地块征收安置房项目”项目规划设计方案的公示
",2017-12-13
38,"
“浦东新区合庆镇川沙北社区D06D-15地块征收安置房项目”项目规划设计方案的公示
",2017-12-13
39,"
“浦东新区合庆镇川沙北社区D06A-02地块征收安置房项目”项目规划设计方案的公示
",2017-12-13
40,"
“浦东新区合庆镇川沙北社区D04C-09地块征收安置房项目”项目规划设计方案的公示
",2017-12-13
41,"
“浦东新区合庆镇川沙北社区D04A-02地块征收安置房项目”项目规划设计方案的公示
",2017-12-13
42,"
“花木社区C000601编制单元04-15地块”项目规划设计方案调整的公示
",2017-12-11
43,"
“源深路1111号研发楼”项目规划设计方案的公示
",2017-12-11
44,"
“前滩信德文化中心”项目规划设计方案的公示
",2017-12-11
45,"
“民乐大型居住社区M06-05地块污水泵站新建工程”项目规划设计方案的公示
",2017-12-06
46,"
“浦东新区洋泾社区C000204编制单元1-03-08地块菜场”项目规划设计方案调整的公示
",2017-12-04
47,"
“三林滨江南片地区（东片区）06-01地块”项目规划设计方案的再公示
",2017-12-04
48,"
“三林滨江南片地区东片区15-02地块”项目规划设计方案的再公示
",2017-12-04
49,"
“三林滨江南片地区东片区14-02地块”项目规划设计方案的再公示
",2017-12-04
50,"
“三林滨江南片地区（东片区）03-02地块”项目规划设计方案的再公示
",2017-12-04
51,"
“三林滨江南片地区（东片区）15-05地块”项目规划设计方案的再公示
",2017-12-04
52,"
“三林滨江南片地区10-01地块”项目规划设计方案的再公示
",2017-12-04
53,"
“三林滨江南片地区东片区11-01地块”项目规划设计方案的再公示
",2017-12-04
54,"
“三林滨江南片地区（东片区）02-05地块”项目规划设计方案的再公示
",2017-12-04
55,"
“外高桥新市镇E04-06地块动迁安置房项目”建设工程设计方案的公示
",2017-12-04
56,"
“三林滨江南片地区（东片区）01-04地块”项目规划设计方案的再公示
",2017-12-04
57,"
“三林滨江南片地区13-01地块”项目规划设计方案的再公示
",2017-12-04
58,"
“唐镇新市镇A-5-3地块商办楼项目”项目设计方案局部间距尺寸调整的公示
",2017-12-01
59,"
“周浦明天华城一、二街坊商品房建设工程（御沁园）5B期”新建住宅及配套公建设计方案的调整公示
",2017-12-01
60,"
“黄浦江东岸21公里滨江开放空间贯通--上海船厂滨江绿地贯通及景观改造提升工程（地下连通道）”...
",2017-11-30
61,"
“浦东新区川沙新市镇C07-15地块征收安置房项目”规划设计方案的公示
",2017-11-29
62,"
“浦东新区北蔡镇同福村“城中村”改造C02-3地块”项目规划设计方案的公示
",2017-11-24
63,"
“浦东新区北蔡镇同福村“城中村”改造C01-2地块”项目规划设计方案的公示
",2017-11-24
64,"
“鹤立东路（沪南公路--S3）新建工程”项目建设工程设计方案的公示
",2017-11-23
65,"
“双江路（外环线--随塘公路）新建工程”项目建设工程设计方案的公示
",2017-11-22
66,"
“江东支路（S20-浦东北路）改建工程”项目建设工程设计方案的公示
",2017-11-22
67,"
“上海市浦东新区曹路区级征收安置房12-01地块项目”建设工程设计方案公示
",2017-11-22
68,"
“川沙新镇六灶04-01地块征收安置房”项目规划设计方案的公示
",2017-11-22
69,"
“川沙新镇六灶16-01地块征收安置房”项目规划设计方案的公示
",2017-11-21
70,"
“川沙新镇六灶01-03地块征收安置房项目”规划设计方案调整的公示
",2017-11-17
71,"
“川沙新镇六灶05-06地块征收安置房项目”规划设计方案的公示
",2017-11-17
72,"
“上海市浦东新区民乐大型居住社区D09-01经济适用房地块”项目规划设计方案的公示
",2017-11-17
73,"
“蔡家110千伏输变电工程”项目规划设计方案的公示
",2017-11-16
74,"
“上海市保障性住房三林基地E1-4地块社区文化体育中心”项目规划设计方案的公示
",2017-11-15
75,"
“三林滨江南片区（西区）雨水泵站新建工程”项目规划设计方案的公示
",2017-11-15
76,"
“沪南公路（上南路--闸航公路）道路改扩建工程”项目建设工程设计方案的公示
",2017-11-15
77,"
“锦绣东路（G1501跨线桥东侧--海滨路）新建工程”项目建设工程设计方案的公示
",2017-11-15
78,"
“张杨北路（A20--港城路）道路改建工程”项目建设工程设计方案的公示
",2017-11-15
79,"
“大团镇17-01地块征收安置房”项目规划设计方案的公示
",2017-11-10
80,"
“洪山路小学新建工程”项目规划设计方案的公示
",2017-11-10
81,"
“浦东新区三林镇东明村“城中村”改造B02B-5地块”项目规划设计方案的公示
",2017-11-09
82,"
“浦东新区三林镇东明村“城中村”改造B02A-2地块”项目规划设计方案的公示
",2017-11-09
83,"
“浦东新区三林镇东明村“城中村”改造C03B-4地块”项目规划设计方案的公示
",2017-11-09
84,"
“浦东新区三林镇东明村“城中村”改造C03A-2地块”项目规划设计方案的公示
",2017-11-09
85,"
“惠南镇东南社区06-01地块动迁房”项目规划设计方案的公示
",2017-11-09
86,"
“惠南新市镇23单元（宣桥）G-04地块商业项目”项目规划设计方案的公示
",2017-11-09
87,"
“新场综合医疗卫生中心”项目规划设计方案的公示
",2017-11-09
88,"
“外高桥新市镇G03-06地块安置房项目”建设工程设计方案的公示
",2017-11-09
89,"
“杨辉路（沪南公路--新环北路）新建工程”项目建设工程设计方案的公示
",2017-11-02
90,"
“御桥路（东泰林路--御桥垃圾发电厂）新建工程”项目建设工程设计方案的公示
",2017-11-02
91,"
“军民路（金科南路--昌飞路）新建工程”项目建设工程设计方案的公示
",2017-11-02
92,"
“浦东新区洋泾社区C000204编制单元1-03-08地块菜场”项目规划设计方案的公示
",2017-10-31
93,"
“新环北路（众安路--规划二路）新建工程”项目建设工程设计方案的公示
",2017-10-30
94,"
“川环南路（规划一路--华东路）新建工程”项目建设工程设计方案的公示
",2017-10-30
95,"
“外高桥新市镇G09-02地块安置房项目”建设工程设计方案的公示
",2017-10-27
96,"
“浦东新区保障房三林基地03-03地块”项目规划设计方案的公示
",2017-10-27
97,"
“浦东新区保障房三林基地03-01地块”项目规划设计方案的公示
",2017-10-27
98,"
“川沙新市镇C06C-12地块配套绿地景观及建筑工程”规划设计方案的公示
",2017-10-26
99,"
“上海市浦东新区曹路集镇PDP0-0304单元A3-11地块动迁安置房项目”建设工程设计方案公示
",2017-10-25
100,"
“上海市浦东新区曹路集镇PDP0-0304单元A3C-18地块动迁安置房项目”建设工程设计方案公示
",2017-10-25
101,"
“外高桥新市镇G03-13地块动迁安置房项目”建设工程设计方案调整的公示
",2017-10-25
102,"
“上海市浦东新区曹路区级征收安置房12-06地块项目”建设工程设计方案公示
",2017-10-20
103,"
“上海市浦东新区曹路区级征收安置房10-11地块项目”建设工程设计方案公示
",2017-10-20
104,"
“政海路（拱为路--拱乐路）新建工程”项目建设工程设计方案的公示
",2017-10-16
105,"
“拱晨路（观海路--茂青路）新建工程”项目建设工程设计方案的公示
",2017-10-16
106,"
“茂青路（拱晨路--文达路）新建工程”项目建设工程设计方案的公示
",2017-10-16
107,"
“浦东新区祝桥镇江镇社区E3-1地块动迁安置房项目”项目规划设计方案的公示
",2017-10-13
108,"
“永旺路（钦飞路--南团公路）新建工程”项目建设工程设计方案的公示
",2017-10-10
109,"
“川沙新镇六灶07-01地块征收安置房项目”规划设计方案的公示
",2017-10-10
110,"
“川沙新镇六灶02-01地块征收安置房项目”规划设计方案的公示
",2017-10-10
111,"
“浦东新区祝桥镇江镇社区E2-1地块动迁安置房项目”项目规划设计方案的公示
",2017-09-30
112,"
“浦东大道1550号地块综合开发项目1-07-03地块住宅项目”规划设计方案的公示
",2017-09-29
113,"
“上海国际财富中心新建项目（暂用名）”工程设计方案优化调整公示
",2017-09-28
114,"
“经一北路（高青路--杨南路）新建工程”项目规划设计方案的公示
",2017-09-28
115,"
“浦东新区祝桥镇3号地块动迁安置房项目”规划设计方案调整的公示
",2017-09-26
116,"
“御桥科创园大寨河公共绿地11A02地块工程设计”项目规划设计方案的公示
",2017-09-25
117,"
“浦东花木行政文化中心十号地块商办项目”项目规划设计方案调整的公示
",2017-09-19
118,"
“上钢社区综合服务中心”项目规划设计方案的公示
",2017-09-19
119,"
“前滩32-01地块住宅项目（暂定名）”规划设计方案地下连通道的公示
",2017-09-19
120,"
“北洋泾路（灵山路--杨高中路）改建工程”项目建设工程设计方案的公示
",2017-09-19
121,"
“竹园小学（龙阳校区）加建电梯工程”项目规划设计方案的公示
",2017-09-15
122,"
“惠南颐景园三期”PT站调整方案公示
",2017-09-15
123,"
“博康智能网络科技股份有限公司企业总部、智慧云及主动感知的智能前端产业化基地”项目副楼工程...
",2017-09-12
124,"
“北蔡镇级动迁基地配套绿地建设工程”项目规划设计方案的公示
",2017-09-11
125,"
“大华银行大厦‘生命力’雕塑建设”项目规划设计方案的公示
",2017-09-07
126,"
“金雅远商品住宅”项目规划设计方案的公示
",2017-09-06
127,"
“上海博物馆东馆新建工程”项目规划设计方案调整的公示
",2017-09-05
128,"
“康馨苑二期”新建垃圾房建筑设计方案调整公示
",2017-09-05
129,"
“祝桥镇江镇社区E3-1地块动迁安置房项目”项目规划设计方案的公示
",2017-08-31
130,"
“上海市浦东新区民乐大型居住社区C01-05经济适用房地块”项目规划设计方案的公示
",2017-08-28
131,"
“轨道交通2号线凌空路站公交枢纽新建工程”项目规划设计方案公示
",2017-08-28
132,"
“情谊苑13号既有多层住宅增设电梯”项目规划设计方案公示
",2017-08-28
133,"
“前滩32-01地块住宅项目（暂定名）调整出入口”项目规划设计方案的公示
",2017-08-25
134,"
“前滩10-01地块项目”项目规划设计方案的公示
",2017-08-25
135,"
“杨思镇小学原址改建杨思幼儿园”项目规划设计方案的公示
",2017-08-24
136,"
“220千伏芳春输变电工程”项目规划设计方案的公示
",2017-08-23
137,"
“上海市浦东新区曹路区级征收安置房15-01地块项目”建设工程设计方案调整的公示
",2017-08-22
138,"
“南汇区配套商品房航头镇沉香苑D、E、F建设工程F地块”项目规划设计方案的公示
",2017-08-16
139,"
“曹路大基地南扩区B11A-11地块保障性住房（动迁安置房）”项目规划设计方案的公示
",2017-08-16
140,"
“上海市保障性住房三林基地B2-5地块幼儿园”项目规划设计方案的公示
",2017-08-11
141,"
“金地城商品房四期”项目规划设计方案的公示
",2017-08-08
142,"
“三林地区金光雨水泵站新建工程”项目规划设计方案的公示
",2017-08-07
143,"
“海富城市花园四期”项目规划设计方案的调整公示
",2017-08-02
144,"
“新场古镇养老中心”项目规划设计方案的公示
",2017-07-28
145,"
“唐镇I区级动迁基地W1-7地块住宅项目（二期）”变电站、开关站、门卫、地下室采光天窗规划设计...
",2017-07-28
146,"
“浦东新区北蔡镇艾南村、南新村“城中村”改造项目9C-8地块”项目规划设计方案的公示
",2017-07-28
147,"
“东沟居住小区C05地块商业办公项目”项目规划设计方案的公示
",2017-07-27
148,"
“周浦镇繁荣安居二期南块”项目规划设计调整方案的公示
",2017-07-25
149,"
“浦东新区青少年活动中心及群艺馆”项目规划设计方案的公示
",2017-07-25
150,"
“大川公路（宣黄公路--南芦公路）新建工程”项目建设工程设计方案的公示
",2017-07-21
151,"
“巨峰路综合提升改造工程”项目建设工程设计方案的公示
",2017-07-21
152,"
“黄浦江沿岸E20单元规划一路（塘桥新路--规划三路）新建工程”项目建设工程设计方案的再公示
",2017-07-17
153,"
“黄浦江沿岸E8E10单元E23-4/E24-1地块工程”项目规划设计方案的公示
",2017-07-14
154,"
“浦东城市规划和公共艺术中心新建工程”项目规划设计方案的公示
",2017-07-11
155,"
“浦东新区川沙经济园区PDS6-0101单元5B-6a地块项目”规划设计方案公示
",2017-07-10
156,"
“新建迎宾路加油站”项目规划设计方案公示
",2017-07-03
157,"
“凌空路--迎宾大道立交改建工程”项目建设工程设计方案的公示
",2017-06-30
158,"
“城西路（拱晨路--拱为路）等6条道路”项目建设工程设计方案的公示
",2017-06-28
159,"
“阳明花园广场二期二阶段”新建住宅及配套公建设计方案的公示
",2017-06-27
160,"
“上海市保障性住房三林基地B2-6地块敬老院”项目规划设计方案的公示
",2017-06-23
161,"
“新川路（规划一路--华夏三路）新建工程”项目建设工程设计方案的公示
",2017-06-23
162,"
“曹路阳光苑社区卫生服务中心新建工程”项目规划设计方案的公示
",2017-06-21
163,"
“川周公路（河滨路--川南奉公路）新建工程”项目建设工程设计方案的公示
",2017-06-20
164,"
“浦东花木行政文化中心十号地块商办项目”项目规划设计方案的公示
",2017-06-16
165,"
“上海博物馆东馆新建工程”项目规划设计方案的公示
",2017-06-16
166,"
“新川路（东城壕路--川南奉公路）新建工程”项目建设工程设计方案的公示
",2017-06-12
167,"
“凌空路（迎宾大道--远航路）新建工程”项目建设工程设计方案的公示
",2017-06-12
168,"
“川沙新镇福利院改扩建及大修工程”项目规划设计方案公示
",2017-06-07
169,"
“宣乐路（人民西路--宣桥镇界）新建工程”项目建设工程设计方案的公示
",2017-06-06
170,"
“锦绣东路（金槐路--顾唐路）新建工程”项目建设工程设计方案的公示
",2017-06-05
171,"
“上海华翔拓新电子有限公司研发总部大楼”项目规划设计方案的公示
",2017-06-01
172,"
“东明路（环林西路--芦恒路）新建工程”项目建设工程设计方案的公示
",2017-06-01
173,"
“上海市川沙中学迁建工程（创建上海市实验性示范性高中）”项目规划设计方案公示
",2017-06-01
174,"
“宣桥镇Y8路（南季路--航三路）新建工程”项目建设工程设计方案的公示
",2017-05-25
175,"
“宣桥镇项文路（南六公路--宣乐路）新建工程”项目建设工程设计方案的公示
",2017-05-25
176,"
“东陆路（新金桥路--川桥路）改扩建工程”项目建设工程设计方案的公示
",2017-05-25
177,"
“上海市保障性住房三林基地3号地块C1-3地块”项目规划设计方案的公示
",2017-05-22
178,"
“洋泾社区C000204单元1-03-05地块”建设项目规划设计方案的公示
",2017-05-19
179,"
“上海文化总会”项目规划设计方案方案的公示
",2017-05-18
180,"
“三林滨江南片地区（东片区）晴阁路（东育路--济阳路）、钟晓路（上浦西路--雪晴路）、晚桐路（...
",2017-05-17
181,"
“三林基地B1-5、B1-6地块商业项目”立面修改方案的公示
",2017-05-16
182,"
“南桥新城--东方体育中心快速公交系统东方体育中心首末站”项目规划设计方案的公示
",2017-05-15
183,"
“三林路（济阳路--长清路）改建工程”项目建设工程设计方案的公示
",2017-05-11
184,"
“崇景路（S20辅道--沿江通道西侧）改建工程”项目建设工程设计方案的公示
",2017-05-05
185,"
“祝桥镇1-5-1及1-5-5动迁安置房项目”规划设计方案的公示
",2017-05-05
186,"
“北蔡绿川小区2-3地块配套幼儿园”项目规划设计方案调整的公示
",2017-05-03
187,"
“黄浦江东岸滨江公共空间贯通开放--前滩休闲公园（南段）及上中路隧道区域公共绿地贯通及景观工...
",2017-04-24
188,"
“惠南公交停车保养场新建工程”项目规划设计方案的公示
",2017-04-14
189,"
“川沙路、川环南路地铁连接通道工程”项目规划设计方案的公示
",2017-04-13
190,"
“三林新村A（1#）地块配套商品房”项目规划设计的调整公示
",2017-04-11
191,"
“13号线北蔡站东南地块前期地下围护工程”项目规划设计方案的公示
",2017-04-10
192,"
“川沙新镇C08-05A地块配套高级中学新建工程”规划设计方案的公示
",2017-04-07
193,"
“上海图书馆东馆”项目规划设计方案的公示
",2017-04-06
194,"
“刚泰工艺美术用品制造加工工厂”项目规划设计方案的公示
",2017-03-30
195,"
“上海国际医学园区配套商品房A区1号B-04-02地块2号B-04-07地块--街坊站位置调整”项目规划设计...
",2017-03-24
196,"
“上海市南汇第三中学改造工程”项目规划设计方案的公示
",2017-03-22
197,"
“浦东新区文献中心电梯扩建”项目规划设计方案的公示
",2017-03-17
198,"
“科苑路（锦绣东路--龙东大道）新建工程”项目建设工程设计方案的公示
",2017-03-17
199,"
“浦东新区祝桥镇江镇社区E3-1地块动迁安置房项目”规划设计方案的公示
",2017-03-16
200,"
“上海黄浦江东岸21公里滨江开放空间贯通--陆家嘴南滨江绿地贯通及景观提升改造工程（二期）”项...
",2017-03-15
201,"
“祝桥镇3号地块动迁安置房项目”规划设计方案的公示
",2017-03-15
202,"
“浦东新区新场A10-1地块住宅小区”项目规划设计方案的公示
",2017-03-13
203,"
“黄浦江东岸滨江公共空间贯通开放--白莲泾公园区域贯通及景观改造提升改造工程”项目规划设计方...
",2017-03-10
204,"
“陆家嘴北滨江绿地绿地贯通及景观提升改造工程（二期）”项目规划设计方案的公示
",2017-03-09
205,"
“祝桥镇核心区G-10地块商品住宅项目”规划设计方案的公示
",2017-03-09
206,"
“杨东E5-5、5-6地块商业文化办公用房项目（新区政府锦安东路475号办公点立体车库项目）”项目规...
",2017-03-09
207,"
“保集英郡一期西主入口位置调整”项目规划设计方案的公示
",2017-03-08
208,"
“黄浦江东岸21公里滨江开放空间贯通--上海船厂滨江绿地贯通及景观改造提升工程”项目规划设计方...
",2017-03-08
209,"
“上海市居住社区周浦镇41号地块二期（暂名）”项目规划设计方案调整公示
",2017-03-06
210,"
“汤臣金桥花园（一期）商品房项目（会所调整）”项目规划设计方案的公示
",2017-03-03
211,"
“黄浦江沿岸E20单元规划一路（规划三路--塘桥新路）道路新建工程”项目建设工程设计方案的公示
",2017-03-03
212,"
“歇浦路（昌邑路--滨江绿地）改建工程”项目建设工程设计方案的公示
",2017-03-03
213,"
“上海浦东物流股份有限公司浦东物流综合服务楼”项目规划设计方案的公示
",2017-03-02
214,"
“黄浦江东岸滨江公共空间贯通开放--南码头区域贯通及景观提升改造工程配套管理用房新建工程”项...
",2017-03-01
215,"
“耀华滨江公共绿地贯通及景观改造提升工程”项目规划设计方案的公示
",2017-03-01
216,"
“黄浦江沿岸E8单元洋泾地区公共绿地（E14-2b地块）及防汛墙工程”项目规划设计方案的公示
",2017-03-01
217,"
“黄浦江东岸滨江公共空间贯通开放--南码头区域贯通、覆土停车场及公交首末站新建工程”项目规划...
",2017-03-01
218,"
“黄浦江沿岸E20单元中栈地区公共绿地（E-1-1a地块）及防汛墙工程”项目规划设计方案的公示
",2017-03-01
219,"
“黄浦江东岸滨江公共空间贯通开放--ES6单元园桥工程”项目建设工程设计方案的公示
",2017-02-28
220,"
“黄浦江东岸滨江公共空间贯通开放--园桥新建工程”项目建设工程设计方案的公示
",2017-02-28
221,"
“老港中学校安加固及拆建工程”项目规划设计方案的公示
",2017-02-28
222,"
“上海市浦东新区曹路区级征收安置房14-02地块项目”建设工程设计方案调整公示
",2017-02-28
223,"
“南六污水支线配套南六污水泵站新建工程”项目规划设计方案的公示
",2017-02-15
224,"
“航塘公路（规划三路--奉贤区界）道路改建工程”项目建设工程设计方案的再公示
",2017-02-15
225,"
“浦红路（明华东港--南六公路）新建工程”项目建设工程设计方案的公示
",2017-02-15
226,"
“通流路（永晨路--永旺路）新建工程”项目建设工程设计方案的公示
",2017-02-13
227,"
“钦飞路（永晨路--永旺路）新建工程”项目建设工程设计方案的公示
",2017-02-13
228,"
“永晨东路（永达路--金团路）新建工程”项目建设工程设计方案的公示
",2017-02-13
229,"
“110KV听潭输变电工程”项目规划设计方案的公示
",2017-02-13
230,"
“前滩32-01地块住宅项目（暂定名）”规划设计方案的公示
",2017-02-10
231,"
“上海市浦东新区民乐大型居住社区F02-02动迁房地块”项目规划设计方案调整公示
",2017-02-09
232,"
“浦东新区黄浦江沿岸E18单元7-7地块住宅小区项目”规划设计第三次调整方案的公示
",2017-02-08
233,"
“三林社区Z000701-15-13金光村‘城中村改造项目（动迁安置房地块）’”项目规划设计方案的公示
",2017-02-06
234,"
“中科路（哥白尼路--顺和路）新建工程”项目建设工程设计方案的公示
",2017-02-06
235,"
“海滨污水处理厂提标改造工程”项目规划设计方案的公示
",2017-01-26
236,"
“上海斯米克龙东路商品房地块”项目规划设计方案的公示
",2017-01-25
237,"
“浦东新区浦兴社区Y000902编制单元19-04地块住宅项目”规划设计门卫立面修改的公示
",2017-01-11
238,"
“上海市浦东新区曹路区级征收安置房15-01地块项目”规划方案的公示
",2017-01-11
239,"
“上海市浦东新区曹路区级征收安置房14-02地块项目”规划方案的公示
",2017-01-11
240,"
“曹路大基地南扩区B11A-11地块保障性住房（动迁安置房建设项目）”规划设计方案的公示
",2017-01-10
241,"
“浦东新区保障房三林基地地块项目06-01地块”项目规划设计方案的公示
",2017-01-06
242,"
“浦东新区保障房三林基地地块项目02-01地块”项目规划设计方案的公示
",2017-01-06
243,"
“浦东新区保障房三林基地地块项目05-01地块”项目规划设计方案的公示
",2017-01-06
244,"
“汇锦城（原金典花苑四号地块）”项目规划设计方案的公示
",2017-01-04
245,"
“学校规划路（听潮南路--南园路）新建工程”项目建设工程设计方案的公示
",2016-12-30
246,"
“医学园区天然气高中压调压站工程”项目规划设计方案的公示
",2016-12-29
247,"
“坦直天然气高中压调压站工程”项目规划设计方案的公示
",2016-12-29
248,"
“前滩49-01地块项目”规划设计方案的公示
",2016-12-19
249,"
“浦东新区黄浦江沿岸E10单元E07-2地块住宅商业项目”项目规划设计调整方案的公示
",2016-12-16
250,"
“北蔡御桥社区Z000901单元04-05、04-07、04-11地块动迁安置房项目”规划设计方案的公示
",2016-12-14
251,"
“拱亮路（北门路--拱为路）新建工程”建设工程设计方案的再公示
",2016-12-12
252,"
“远洋浦东惠南G-C2-2地块项目三期方案调整”的公示
",2016-12-08
253,"
“华润路（杨高南路--浦三路）道路新建工程”项目规划设计方案的公示
",2016-12-05
254,"
“周达路（周祝公路--周邓公路）新建工程”项目建设工程设计方案的公示
",2016-12-01
255,"
“金力时代广场（二、三期）”项目规划设计方案的公示
",2016-11-23
256,"
“祝桥二期4#地块配套商品房”项目内变电站及开关站高度调整方案的公示
",2016-11-18
257,"
“上海企华医院有限公司新建项目”项目规划设计方案的公示
",2016-11-18
258,"
“新场镇01单元C-02、C-03商业和住宅”项目入口景观架部分补充公示
",2016-11-08
259,"
“新兴路（浦东大道--商城路）新建工程”项目规划设计方案的公示
",2016-10-28
260,"
“乳山路（桃林路--民生路）新建工程”项目规划设计方案调整的公示
",2016-10-28
261,"
“上海市第六师范学校附属小学加建电梯”项目规划设计方案的公示
",2016-10-27
262,"
“东樱住宅建设（暂定名）”项目规划设计方案的公示
",2016-10-21
263,"
“六里社区13a-10新建幼儿园项目”规划设计方案的公示
",2016-10-13
264,"
“上海市浦东新区民乐大型居住社区F04-02动迁房地块”项目规划设计方案的公示
",2016-10-13
265,"
“前滩05-02地块项目”项目规划设计方案的公示
",2016-10-12
266,"
“220千伏东煦变电站工程”项目规划设计方案的公示
",2016-10-12
267,"
“上海市浦东新区民乐大型居住社区D08-08动迁房地块”项目规划设计方案的公示
",2016-10-12
268,"
“上海市浦东新区民乐大型居住社区K04-03动迁房地块”项目规划设计方案的公示
",2016-10-12
269,"
“上海市浦东新区民乐大型居住社区F02-02动迁房地块”项目规划设计方案的公示
",2016-10-12
270,"
“浦东新区黄浦江沿岸E10单元E07-2地块住宅商业项目”项目规划设计方案的公示
",2016-09-30
271,"
“前滩50-01地块（商住）项目”规划设计方案的公示
",2016-09-30
272,"
“三林社区01-06地块动迁安置房”项目规划设计方案的公示
",2016-09-27
273,"
“听潮路（沪南公路--拱极路）达标完善工程”项目建设工程设计方案的公示
",2016-09-23
274,"
“北蔡御桥社区Z000901单元04-05、04-07、04-11地块动迁安置房项目”规划设计方案公示
",2016-09-19
275,"
“新环北路（众安路--规划二路）新建工程”项目建设工程设计方案的公示
",2016-09-14
276,"
“浦东大道1550号地块综合开发项目1-07-03地块住宅项目”规划设计方案的公示
",2016-09-13
277,"
“川沙新镇六灶01-02地块征收安置房项目”规划设计方案的公示
",2016-09-08
278,"
“川沙新镇六灶16-01地块征收安置房项目”规划设计方案的公示
",2016-09-08
279,"
“川沙新市镇C07-15地块征收安置房项目”规划设计方案的公示
",2016-09-08
280,"
“大华锦绣华城6号地块新建项目一期”规划设计方案的公示
",2016-09-08
281,"
“川沙新市镇C08-18地块征收安置房项目”规划设计方案的公示
",2016-09-07
282,"
“川沙新镇六灶04-01地块征收安置房项目”规划设计方案的公示
",2016-09-05
283,"
“川沙新镇六灶05-06地块征收安置房项目”规划设计方案的公示
",2016-09-02
284,"
“川沙新镇六灶01-03地块征收安置房项目”规划设计方案的公示
",2016-09-02
285,"
“川沙新市镇C08-18地块征收安置房项目”规划设计方案的公示
",2016-09-02
286,"
“浦东空港协信产业园建设项目”项目规划设计方案的公示
",2016-08-31
287,"
“川沙新市镇E04-08地块征收安置房”项目规划设计方案的公示
",2016-08-29
288,"
“川六公路（唐黄路--川沙路东侧）新建工程”项目建设工程设计方案的公示
",2016-08-26
289,"
“唐黄路（华夏东路--S1）新建工程”项目建设工程设计方案的公示
",2016-08-26
290,"
“龙东支路（G1501立交东侧--人民塘路）扩建工程”项目建设工程设计方案的公示
",2016-08-26
291,"
“上海市档案馆新馆建设项目（一期）”规划设计方案的公示
",2016-08-25
292,"
“金杨新村街道综合服务中心新建工程项目”规划设计方案公示
",2016-08-24
293,"
“上海交通大学医学院附属仁济医院科研综合楼暨上海市肿瘤研究所整体迁建工程”规划设计方案公示
",2016-08-22
294,"
“杨高路--芳甸路立交”项目建设工程设计方案的公示
",2016-08-16
295,"
“大华锦绣华城9-3地块新建项目”规划设计方案的公示
",2016-08-10
296,"
“浦东新区档案馆新建档案库房工程（一期）”项目规划设计方案的公示
",2016-07-29
297,"
“丰树欧罗物流（上海）有限公司远航路785号物流仓储改建项目”项目规划设计方案的公示
",2016-07-21
298,"
“丰树欧罗物流（上海）有限公司远航路909号物流仓储改建项目”项目规划设计方案的公示
",2016-07-21
299,"
“川沙新市镇C08-16地块动迁安置房”项目规划设计方案（局部修改）的公示
",2016-07-20
300,"
“浦东大道1550号1-04-06、1-04-07地块项目”项目规划设计方案的公示
",2016-07-18
301,"
“拱晨路（观海路--茂青路）新建工程”项目建设工程设计方案的公示
",2016-07-15
302,"
“政海路（拱为路--拱乐路）新建工程”项目建设工程设计方案的公示
",2016-07-15
303,"
“前滩43-01地块项目”项目规划设计方案的公示
",2016-07-07
304,"
“环世纪公园慢行步道工程”项目建设工程设计方案的公示
",2016-07-04
305,"
“浦东大道1550号地块综合开发项目1-06-04地块幼儿园项目”规划设计方案
",2016-06-29
306,"
“前滩38-01地块住宅项目（暂定名）”规划设计方案的公示
",2016-06-27
307,"
“新场镇20街坊1/3、1/4丘商品房建设工程（三期商业项目）”规划设计方案的公示
",2016-06-23
308,"
“新金桥路综合提升改造（一期）工程”项目建设工程设计方案的公示
",2016-06-22
309,"
“洋泾社区文化活动中心新建工程”项目规划设计方案调整的公示
",2016-06-21
310,"
“康安路（华夏西路--御南路南侧）新建工程”项目建设工程设计方案的公示
",2016-06-15
311,"
“御桥路（康凌路--康杉路西侧）扩建工程”项目建设工程设计方案的公示
",2016-06-15
312,"
“前滩中心25-1南区”项目规划设计方案的调整公示
",2016-06-12
313,"
“前滩中心25-1北区”项目规划设计方案的调整公示
",2016-06-12
314,"
“前滩地区新建基督教涌恩堂建设项目”规划设计方案的公示
",2016-06-08
315,"
“上海市浦东新区民乐大型居住社区B05-05社区行政管理中心地块”项目规划设计方案的公示
",2016-06-08
316,"
“第一八佰伴整体装饰项目”规划设计方案的公示
",2016-06-07
317,"
“东郊商办中心（二期调整）（增设电业站、垃圾房等配套用房）”项目规划设计方案的公示
",2016-06-07
318,"
“绿科路（南洋泾路--罗山路）新建工程”项目建设工程设计方案的公示
",2016-06-06
319,"
“曹路大基地南扩区B13-04地块保障房项目”规划方案的公示
",2016-06-01
320,"
“曹路大基地南扩区B13B-14地块保障房项目”规划方案的公示
",2016-06-01
321,"
“陆家嘴金融城高端文化产业基地――老白渡滨江绿地保留煤仓、构架装修工程立面改造工程”项目规...
",2016-05-31
322,"
“枫丹白露三期（东块）”项目规划设计方案的公示
",2016-05-25
323,"
“浦东新区黄浦区沿岸E18单元7-7地块住宅小区”项目规划设计第二次调整方案的公示
",2016-05-24
324,"
“浦东新区民乐大型居住社区M02-04地块养老福利院项目新建工程”项目规划设计方案的公示
",2016-05-23
325,"
“张家浜雨水泵站新建工程”项目规划设计方案的公示
",2016-05-20
326,"
“古北御庭酒店改建”项目规划设计方案的公示
",2016-05-09
327,"
“川沙新市镇C06A-07B地块配套幼儿园”项目规划设计方案的公示
",2016-05-06
328,"
“新场镇农贸市场商品住宅工程”项目规划设计方案的公示
",2016-05-06
329,"
“凌空路--迎宾大道立交改建工程”项目规划设计方案的公示
",2016-04-28
330,"
“川沙新市镇C06-10地块配套小学新建工程”项目规划设计方案的公示
",2016-04-27
331,"
“高桥新城B-4-1地块商品房项目22#楼（街坊站）”设计方案变更的公示
",2016-04-25
332,"
“上海同悦湾置业有限公司AC-13地块新建住宅及公共配套项目”规划设计方案的公示
",2016-04-21
333,"
“前滩57-01地块社区中心项目（暂定名）”项目规划设计方案的公示
",2016-04-19
334,"
“锦绣路800弄1号G3地块网球场及配套公建”项目规划设计方案的公示
",2016-04-18
335,"
“前滩国际商务区55-01地块配套九年一贯制学校”项目规划设计方案的公示
",2016-04-18
336,"
“前滩国际商务区55-02地块配套幼儿园”项目规划设计方案的公示
",2016-04-18
337,"
“张家浜楔形绿地翠柏路（广兰路--申江路）新建工程”项目规划设计方案的公示
",2016-04-15
338,"
“浦东新区民乐大型居住社区F08-03地块养老福利院项目新建工程”项目规划设计方案的公示
",2016-04-15
339,"
“上海海事大学附属北蔡高级中学改扩建工程”项目规划设计方案的公示
",2016-04-08
340,"
“前滩中心25-02地块酒店”项目规划设计方案修改的公示
",2016-04-07
341,"
“洋泾社区2-03-02地块新建”项目规划设计调整方案的公示
",2016-03-31
342,"
“陆家嘴御桥科创园雨水泵站新建工程”项目规划设计方案的公示
",2016-03-31
343,"
“陆家嘴御桥科创园市政道路工程（支路）”项目规划设计方案的公示
",2016-03-31
344,"
“花木社区04-15地块项目”项目规划设计方案的公示
",2016-03-30
345,"
“110千伏凌迁输变电工程”项目规划设计方案的公示
",2016-03-29
346,"
“陈桥110KV变电站项目”规划设计方案的公示
",2016-03-29
347,"
“曹路大基地南扩区B13C-12地块保障房项目”建设工程设计方案公示
",2016-03-25
348,"
“碧云国际社区配套幼儿园项目”建设工程设计方案调整公示
",2016-03-23
349,"
“周家渡01-06地块绿化工程”项目规划设计方案的公示
",2016-03-21
350,"
“洋泾社区C000204单元1-03-05地块建设项目”规划设计调整方案的公示
",2016-03-16
351,"
“35KV辽沈输变电工程项目”规划设计方案的公示
",2016-03-15
352,"
“耀华地区16-1地块公共租赁住宅项目”规划设计方案的公示
",2016-03-15
353,"
“川沙路（迎宾大道--川环南路）”项目规划设计方案的再公示
",2016-03-15
354,"
“浦东同润商务园临时建筑”项目规划设计方案的公示
",2016-03-11
355,"
“A-9-13-2地块宾馆”项目规划设计调整方案的公示
",2016-03-09
356,"
“川沙新市镇C06A-07B地块配套幼儿园”项目规划设计方案的公示
",2016-03-09
357,"
“外高桥新市镇E03-07地块项目部分围墙取消（及变电站调整）”的公示
",2016-03-08
358,"
“大华锦绣华城9-3地块新建项目”项目规划设计方案的公示
",2016-03-07
359,"
“北蔡社区综合管理中心”项目规划设计方案的公示
",2016-03-03
360,"
“川沙新镇六灶社区18-02地块综合项目（浦迪1号）”规划设计方案的公示
",2016-03-02
361,"
“沪南公路（康花路--上南路）改建工程（桥梁部分）”项目规划设计方案的公示
",2016-02-26
362,"
“竹林路（浦电路--陆家嘴软件园）新建工程”项目规划设计方案的公示
",2016-02-17
363,"
“杨高中路高压走廊景观改造”项目规划设计调整方案的公示
",2016-02-06
364,"
“上海市黄浦江南延伸段前滩地区Z000801编制单元36-01地块”项目规划设计方案的公示
",2016-02-05
365,"
“上海市浦东新区民乐大型居住社区K04-04幼托地块”项目规划设计方案的公示
",2016-02-05
366,"
“碧云国际社区S11地块住宅项目（暂定名）”规划方案优化调整公示
",2016-02-01
367,"
“宣桥镇E-01地块商业”项目规划设计方案的公示
",2016-01-26
368,"
“御河硅谷产学研国际促进中心”项目规划设计方案的再次公示
",2016-01-25
369,"
“保集英郡一期50#楼及地下变电所、地上垃圾房、围墙项目”规划设计方案的公示
",2016-01-20
370,"
“拱亮路（北门路--拱为路）新建工程”项目规划设计方案的公示
",2015-12-31
371,"
“新场镇北一路（新西环路--新环西路）新建工程”项目规划设计方案的公示
",2015-12-31
372,"
“前滩52-01地块办公、商业及住宅项目（暂定名）”项目规划设计方案的公示
",2015-12-30
373,"
“吕家浜（中心河--西横港）河道综合整治工程”项目规划设计方案的公示
",2015-12-28
374,"
“同发路（南港公路--沪南公路）新建工程”项目规划设计方案的公示
",2015-12-17
375,"
“中国商飞试飞中心祝桥基地项目”规划设计方案的公示
",2015-12-08
376,"
“航塘公路（规划三路--奉贤区界）道路改建工程”项目规划设计方案的公示
",2015-12-04
377,"
“申江南路（沪南公路--奉贤区界）新建工程”项目规划设计方案的公示
",2015-12-03
378,"
“前锦桥新建工程”项目规划设计方案的公示
",2015-12-03
379,"
“洋泾社区文化活动中心新建工程”项目规划设计方案的公示
",2015-12-02
380,"
“老港镇盛港苑配套幼儿园新建工程”项目规划设计方案的公示
",2015-12-01
381,"
“南码头社区14-03C新建商办项目”项目规划设计方案的公示
",2015-11-30
382,"
“祝桥新镇E5地块普通商品房项目（局部调整）”项目规划设计方案公示
",2015-11-26
383,"
“上海市医药学校新建第二教学综合楼”项目规划设计调整方案公示
",2015-11-23
384,"
“中船动力研究院有限公司研发大楼”项目规划设计方案公示
",2015-11-23
385,"
“杨高路（世纪大道--浦建路）改建工程”项目规划设计方案的公示
",2015-11-13
386,"
“三林滨江南片地区（东片区）15-02地块”项目规划设计方案的公示
",2015-11-13
387,"
“三林滨江南片地区（东片区）14-02地块”项目规划设计方案的公示
",2015-11-13
388,"
“三林滨江南片地区（东片区）11-01地块”项目规划设计方案的公示
",2015-11-13
389,"
“三林滨江南片地区（东片区）06-01地块”项目规划设计方案的公示
",2015-11-13
390,"
“三林滨江南片地区（东片区）01-04地块”项目规划设计方案的公示
",2015-11-13
391,"
“三林滨江南片地区10-01地块”项目规划设计方案的公示
",2015-11-13
392,"
“三林滨江南片地区（东片区）15-05地块”项目规划设计方案的公示
",2015-11-13
393,"
“三林滨江南片地区13-01地块”项目规划设计方案的公示
",2015-11-13
394,"
“三林滨江南片地区（东片区）03-02地块”项目规划设计方案的公示
",2015-11-13
395,"
“三林滨江南片地区（东片区）02-05地块”项目规划设计方案的公示
",2015-11-13
396,"
“前滩中心25-02地块办公楼”项目规划设计方案修改的公示
",2015-11-09
397,"
“迎薰路（听潮南路--城西路）建设工程”项目规划设计方案的公示
",2015-11-05
398,"
“35千伏银西输变电工程”项目规划设计方案公示
",2015-11-05
399,"
“花木社区事务中心”项目规划设计方案公示
",2015-11-05
400,"
“碧云国际社区社区培训中心改扩建工程”项目规划设计方案公示
",2015-11-04
401,"
“民乐大型居住区福利院”项目规划设计调整方案的公示
",2015-11-04
402,"
“陈桥110KV变电站”项目规划设计方案的公示
",2015-11-03
403,"
“高桥镇凌桥社区N3-4地块社区文化中心项目”项目规划设计方案公示
",2015-11-02
404,"
“世纪大道SB1-1地块”项目规划设计调整方案公示
",2015-10-30
405,"
“浦兴社区Y000901编制单元07-02、07-07、07-08地块商办项目”项目规划设计方案公示
",2015-10-30
406,"
“新场镇B1-8A地块配套中学项目”项目规划设计方案的公示
",2015-10-30
407,"
“新希望产业园区D-11地块新建项目”项目规划设计方案的第二次公示
",2015-10-29
408,"
“三林滨江南片地区（东片区）01-04地块”项目规划设计方案的公示
",2015-10-23
409,"
“三林滨江南片地区（东片区）03-02地块”项目规划设计方案的公示
",2015-10-23
410,"
“三林滨江南片地区（东片区）06-01地块”项目规划设计方案的公示
",2015-10-23
411,"
“三林滨江南片地区（东片区）11-01地块”项目规划设计方案的公示
",2015-10-23
412,"
“三林滨江南片地区（东片区）14-02地块”项目规划设计方案的公示
",2015-10-23
413,"
“三林滨江南片地区（东片区）15-02地块”项目规划设计方案的公示
",2015-10-23
414,"
“三林滨江南片地区（东片区）15-05地块”项目规划设计方案的公示
",2015-10-23
415,"
“三林滨江南片地区（东片区）02-05地块”项目规划设计方案的公示
",2015-10-23
416,"
“三林滨江南片地区13-01地块”项目规划设计方案的公示
",2015-10-23
417,"
“三林滨江南片地区10-01地块”项目规划设计方案的公示
",2015-10-23
418,"
“哥白尼路（张衡路--华夏中路）新建工程”项目规划设计方案的公示
",2015-10-23
419,"
“上海市环境学校浦东校区实训楼改扩建”项目规划设计方案的公示
",2015-10-21
420,"
“上海市大型居住社区周康航拓展基地B-07-03、B-08-01动迁安置房地块”项目规划设计方案调整公示
",2015-10-20
421,"
“上海市配套商品房航头基地社区卫生服务中心工程”项目规划设计方案调整公示
",2015-10-16
422,"
“思学路（莱阳路--张杨北路）道路工程”项目规划设计方案公示
",2015-10-10
423,"
“外高桥新市镇G02-01地块公建配套小学”项目规划设计方案公示
",2015-10-10
424,"
“高青路污水泵站新建工程”项目规划设计方案的公示
",2015-09-29
425,"
“老港中学校安加固及拆建工程”项目规划设计方案的公示
",2015-09-29
426,"
“上海市大型居住社区周康航拓展基地高中1号地块（A-04-03）”项目规划设计方案的公示
",2015-09-29
427,"
“惠南第二小学改扩建工程”项目规划设计方案的公示
",2015-09-25
428,"
“川沙新市镇A03-02地块配套商品房项目”规划局部调整的公示
",2015-09-21
429,"
“碧云国际社区配套幼儿园”项目规划设计方案公示
",2015-09-21
430,"
“丽晶博苑”项目规划设计方案的公示
",2015-09-18
431,"
“上海世壮新能源科技有限公司胶黏剂项目”项目规划设计方案的公示
",2015-09-18
432,"
“川沙路（迎宾大道--川环南路）”项目规划设计方案的公示
",2015-09-18
433,"
“祝桥镇江镇社区E1-2新建配套幼儿园”项目规划设计方案公示
",2015-09-17
434,"
“塘桥社区老年服务中心新建工程”项目规划设计方案的公示
",2015-09-15
435,"
“金桥南区2号雨水泵站新建工程”项目规划设计方案公示
",2015-09-14
436,"
“上海市浦东新区民乐大型居住社区B04-06地块”项目规划设计方案的公示
",2015-09-11
437,"
“上海市浦东新区民乐大型居住社区B02-02地块”项目规划设计方案的公示
",2015-09-11
438,"
“上海市浦东新区民乐大型居住社区F07-02地块”项目规划设计方案的公示
",2015-09-11
439,"
“上海市公安局浦东分局新场派出所迁建工程”项目规划设计方案的公示
",2015-09-11
440,"
“上海市浦东新区民乐大型居住社区F01-02地块”项目规划设计方案的公示
",2015-09-09
441,"
“上海市浦东新区民乐大型居住社区F03-02地块”项目规划设计方案的公示
",2015-09-09
442,"
“上海市浦东新区民乐大型居住社区B01-06地块”项目规划设计方案的公示
",2015-09-09
443,"
“张家浜楔形绿地D1-25、D1-36地块商品住宅项目”调整的项目规划设计方案的公示
",2015-09-07
444,"
“浦东新场镇01单元A-06地块配套小学项目”规划设计方案的公示
",2015-08-31
445,"
“中国商飞试飞中心祝桥基地项目”规划设计方案的公示
",2015-08-28
446,"
“上海国际医学园区配套商品房A区1号B-04-02地块公建配套垃圾房调整”项目规划设计方案的公示
",2015-08-28
447,"
“南浦广场公园改造工程”项目规划设计方案公示
",2015-08-24
448,"
“地杰国际城B街坊（三期）”项目规划设计方案公示
",2015-08-24
449,"
“环邑置业B-7A地块硕博汇项目”规划设计方案的公示
",2015-08-20
450,"
“陆家嘴御桥11A-06地块”项目规划设计的调整公示
",2015-08-20
451,"
“前滩33-01地块办公、商业及住宅项目”规划设计方案的公示
",2015-08-20
452,"
“浦东新区唐镇新市镇D-05-01地块商品房项目”2号配套商业、2号街坊站面积调整的公示
",2015-08-19
453,"
“浦东医院新建科研教学大楼工程项目”规划设计方案的公示
",2015-08-18
454,"
“新桥港（三林塘港--外环线）河道综合整治工程”项目规划设计方案的公示
",2015-08-14
455,"
“惠南镇实验学校改造工程”项目规划设计方案的公示
",2015-08-14
456,"
“北蔡御桥社区Z000901单元01-10、01-11地块动迁安置建设项目开关站”调整方案的公示
",2015-08-13
457,"
“上海金桥啦啦宝都（日・三井）商业办公项目幕墙”规划方案公示
",2015-08-11
458,"
“E4、E7、H1、H10地块配套工程人行天桥工程”规划设计方案公示
",2015-08-07
459,"
“拱泰路（听民路--南祝公路）等4条路新建工程”项目规划设计方案的公示
",2015-08-06
460,"
“上海市医药学校新建第二教学综合楼项目”规划设计方案公示
",2015-08-05
461,"
“前滩企业天地四期”项目规划设计方案的公示
",2015-07-29
462,"
“周家渡社区管理和综合服务中心新建工程”项目规划设计方案的公示
",2015-07-29
463,"
“中邦城市园A2地块”项目规划设计方案调整公示
",2015-07-24
464,"
“东方花园二期项目配套电业所和垃圾房”调整方案的公示
",2015-07-21
465,"
“泛亚汽车技术中心有限公司厂房拆除新建项目玻璃幕墙”规划设计方案公示
",2015-07-17
466,"
“设计与工程技术中心金桥基地暨金桥扩能项目研发单元工程”规划设计方案公示
",2015-07-16
467,"
“曹路基地E-1-1地块保障性住房项目”规划设计方案修改的公示
",2015-07-15
468,"
“陶家宅地块旧改”项目规项划设计方案的公示
",2015-07-15
469,"
“拱亮路（听潮路--通济路）”项目规划设计方案的公示
",2015-07-09
470,"
“秦家港路（顾唐路--经四路）新建工程”规划设计方案公示
",2015-07-06
471,"
“新建大团消防站工程”项目规划设计方案的公示
",2015-07-03
472,"
“金桥公园改造工程项目”规划设计方案公示
",2015-07-03
473,"
“浦东新区惠南镇东城区A11-3地块普通商品房项目”规划设计方案调整的公示
",2015-07-02
474,"
“浦东新区市民中心对外服务窗口装修改建工程”规划设计方案公示
",2015-06-30
475,"
“110千伏新朝阳输变电工程项目”规划设计方案的公示
",2015-06-30
476,"
“阳明花园广场二期一阶段配套变电站扩建”项目规划设计方案的公示
",2015-06-30
477,"
“前滩46-01地块办公、商业及住宅项目（暂定名）”项目规划设计方案的公示
",2015-06-30
478,"
“张家浜楔形绿地谢家宅河（北界浜--张家浜）河道建设工程”项目规划设计方案的公示
",2015-06-30
479,"
“金杨社区卫生服务中心金桥分中心改扩建工程项目”规划设计方案公示
",2015-06-29
480,"
“前滩33-01地块办公、商业及住宅项目”项目规划设计方案的公示
",2015-06-29
481,"
“政海路（拱为路--拱北路）新建工程”项目规划设计方案的公示
",2015-06-29
482,"
“曹路天然气高中压调压站工程”项目规划设计方案的公示
",2015-06-24
483,"
“浦东新区合庆集镇13-01地块商办综合项目”项目规划设计方案的公示
",2015-06-19
484,"
“上海紫高包装材料有限公司新建生产厂房项目”项目规划设计方案的公示
",2015-06-19
485,"
“祝桥镇航城四路（施湾二路--施湾路）新建工程”规划设计方案公示
",2015-06-11
486,"
“祝桥镇航城三路（施湾二路--施湾路）新建工程”规划设计方案公示
",2015-06-11
487,"
“祝桥镇施湾三路（施新路--规划航城三路）新建工程”规划设计方案公示
",2015-06-11
488,"
“浦东新区曹路基地南扩区B07-04地块配套幼儿园”项目规划设计方案的公示
",2015-06-10
489,"
“浦东新区曹路基地南扩区B07-03地块配套初中”项目规划设计方案的公示
",2015-06-10
490,"
“唐镇I区级动迁基地W1-7地块住宅项目（一期增建变电站）”项目规划设计方案的公示
",2015-06-10
491,"
“丰树物流欧罗（上海）有限公司远航路909号物流仓储改建项目”项目规划设计方案的公示
",2015-06-08
492,"
“丰树物流欧罗（上海）有限公司远航路785号物流仓储改建项目”项目规划设计方案的公示
",2015-06-08
493,"
“联名机械公司汽车大型冲压零部件生产基地扩建项目”项目规划设计方案的公示
",2015-06-05
494,"
“浦东新区黄浦江沿岸E18单元7-7地块住宅小区项目”规划设计调整方案的公示
",2015-06-03
495,"
“浦东新区新场镇五街坊11/8丘建设工程（一期）”项目规划设计方案的公示
",2015-06-03
496,"
“德浦路（康沈路--周东路）建设工程”项目规划设计方案的公示
",2015-06-03
497,"
“惠南镇东城区G-C2-2地块新建住宅项目”规划设计调整方案公示
",2015-06-02
498,"
“上海腾飞化工厂重油、汽油、柴油等各种助剂”项目规划设计方案的公示
",2015-06-01
499,"
“三林社区Z000701编制单元04-01A地块项目”项目规划设计方案的公示
",2015-05-27
500,"
“上南路3301号经适房捆绑商品住宅项目”规划设计方案公示
",2015-05-27
501,"
“通济路（拱为路--拱极路）等4条路新建工程”项目规划设计方案的公示
",2015-05-27
502,"
“两港装饰材料城商务楼项目”规划设计方案公示
",2015-05-26
503,"
“上海市浦东新区民乐大型居住社区A03-05菜场地块项目”规划设计方案公示
",2015-05-25
504,"
“惠南镇东城区A12-4地块普通商品房项目”规划设计方案公示
",2015-05-20
505,"
“集慧路（海科路-环科路）、环科路（集慧路-科苑路）扩建工程”项目规划设计方案公示
",2015-05-15
506,"
“海科路（集慧路-科苑路）改扩建”项目规划设计方案公示
",2015-05-15
507,"
“新环北路（新西环路-新环西路）新建工程”项目规划设计方案公示
",2015-05-15
508,"
“川沙新镇C-04地块住宅宾馆项目（C-04-09地块）项目”规划局部调整的公示
",2015-05-15
509,"
“三信国际商业广场二期扩建项目”规划设计方案公示
",2015-05-15
510,"
“新场镇20街坊1/12丘商业地块”规划设计方案公示
",2015-05-15
511,"
“新场镇01单元A-04第动迁房项目”规划设计方案公示
",2015-05-14
512,"
“川沙新市镇A03-02地块配套商品房项目”规划局部调整的公示
",2015-05-13
513,"
“浦东新区惠南镇东城区A11-3地块普通商品房项目”规划设计方案公示
",2015-05-12
514,"
“上海市配套商品房曹路基地D-3-2幼儿园建设项目（局部间距调整）”规划设计方案公示
",2015-05-08
515,"
“尚博路（上南路-云台路）道路工程项目”规划设计方案公示
",2015-05-08
516,"
“上海市浦东新区民乐大型居住社区C01-08初中地块项目”规划设计方案公示
",2015-05-06
517,"
“上海市浦东新区民乐大型居住社区C04-01幼托地块项目”规划设计方案公示
",2015-05-06
518,"
“上海市浦东新区民乐大型居住社区C04-02小学地块项目”规划设计方案公示
",2015-05-06
519,"
“惠南镇东城区G-C2-2地块新建住宅项目”规划设计方案公示
",2015-05-05
520,"
“老港镇C-5-03地块动迁安置房（宏港苑三期）变电站调整项目”规划设计方案公示
",2015-04-30
521,"
“金杨新村黄山社区综合服务中心项目”规划设计方案公示
",2015-04-30
522,"
“丹华海洋工程装备（上海）有限公司海洋工程装备项目”规划设计方案公示
",2015-04-30
523,"
“东沟居住小区C-5地块商业办公项目”规划设计方案公示
",2015-04-30
524,"
“枫丹白露三期东块项目”规划设计方案公示
",2015-04-30
525,"
“高桥镇凌桥社区动迁房基地N5-1地块动迁安置房项目配套用房”规划设计方案调整公示
",2015-04-24
526,"
“上海市航空服务学校天桥项目”规划设计方案公示
",2015-04-13
527,"
“新一代通讯网络产品组装生产项目”规划设计方案公示
",2015-04-10
528,"
“北蔡御桥社区09-04地块配套幼儿园项目”规划设计方案公示
",2015-04-10
529,"
“上南路3301号经适房捆绑商品住宅项目”规划设计方案公示
",2015-04-08
530,"
“川沙新市镇A03-02地块配套商品房项目”规划局部调整的公示
",2015-04-07
531,"
“浦东新区惠南镇东城区B7-3地块配套幼儿园项目”规划设计方案公示
",2015-04-02
532,"
“拱海路（听潮路--城西路）等5条路新建工程”项目规划设计方案公示
",2015-04-02
533,"
“浦东新区合庆集镇10-05地块动迁安置房增设4#街坊站项目”规划设计方案公示
",2015-03-17
534,"
“御桥17-2高层住宅项目”规划设计方案公示
",2015-03-16
535,"
“上海前滩55-01#地块九年一贯制学校项目”规划设计方案公示
",2015-02-16
536,"
“上海前滩55-02#地块幼儿园项目”规划设计方案公示
",2015-02-16
537,"
“洋泾社区C000204单元1-03-05地块建设项目”规划设计方案公示
",2015-02-16
538,"
“御河硅谷产学研国家促进中心项目”规划设计方案公示
",2015-02-15
539,"
“前滩中心25-02地块酒店项目”规划设计方案公示
",2015-02-12
540,"
“周浦镇15#地块项目二期”规划设计方案公示
",2015-02-12
541,"
“惠南镇东城区A12-4地块普通商品房项目”规划设计方案公示
",2015-02-03
542,"
“上海曹路商业楼新建项目”规划设计方案公示
",2015-02-03
543,"
“莱阳路（德爱路--东煦路段）道路工程项目”规划设计方案公示
",2015-02-02
544,"
“新建门房及围墙翻修”规划设计方案公示
",2015-01-30
545,"
“ES4黄浦江滨江大道及绿化工程--滨江休闲公园（配套建筑）”项目规划设计方案的再公示
",2015-01-29
546,"
“110千伏永安输变电工程项目”规划设计方案公示
",2015-01-26
547,"
“110千伏通济输变电工程项目”规划设计方案公示
",2015-01-26
548,"
“浦东新区黄浦江沿岸E18单元7-7地块住宅小区项目”规划设计方案公示
",2015-01-21
549,"
“南汇工业园区17-11-06地块配套幼儿园项目”规划设计方案公示
",2015-01-16
550,"
“ES4单元黄浦江滨江大道及绿化工程―体育公园”项目规划设计方案再公示
",2015-01-16
551,"
“地杰国际城B街坊幼儿园”规划设计方案公示
",2015-01-13
552,"
“张家浜楔形绿地汤臣二期张黄浜（张家浜--东郊宾馆）河道建设工程”规划设计方案公示
",2015-01-13
553,"
“大华锦绣华城5#地块项目”规划设计方案公示
",2015-01-12
554,"
“金海商业广场新建项目”规划设计方案公示
",2015-01-07
555,"
“公利医院科教综合楼新建工程项目”规划设计方案公示
",2015-01-05
556,"
“听云路（拱海路--拱晨路）、北门路（下盐公路--拱晨路）新建工程”项目规划设计方案公示
",2015-01-04
557,"
“云间绿大地1-2-4（四期）地块配套公建项目”规划设计方案公示
",2015-01-04
558,"
“川沙新市镇城南社区C06-07A地块商品房项目”规划设计方案调整的公示
",2014-12-26
559,"
“三林新村A(1#)地块配套商品房项目”规划设计方案公示
",2014-12-26
560,"
“北蔡镇御桥社区Z000901编制单元03-01地块商业用房项目”规划设计方案公示
",2014-12-24
561,"
“塘东小区04-14地块规划小学项目”规划设计方案公示
",2014-12-22
562,"
“浦东新区民乐大型居住社区市级经济适用房D07-02地块项目”规划设计方案公示
",2014-12-16
563,"
“浦东新区民乐大型居住社区市级经济适用房B08-01地块项目”规划设计方案公示
",2014-12-16
564,"
“浦东新区民乐大型居住社区市级经济适用房D01-04地块项目”规划设计方案公示
",2014-12-16
565,"
“浦东新区民乐大型居住社区市级经济适用房C01-02地块项目”规划设计方案公示
",2014-12-16
566,"
“金桥汽车产业基地污水泵站新建工程”项目规划方案公示
",2014-12-15
567,"
“金桥汽车产业基地雨水泵站工程”项目规划设计方案公示
",2014-12-15
568,"
“110千伏妙境输变电工程项目”规划设计方案公示
",2014-12-12
569,"
“上海杉达学院综合实验实训楼项目”规划设计方案公示
",2014-12-11
570,"
“张家浜楔形绿地华漕达（金槐路--陆家宅河）河道整治及绿化建设工程项目”规划设计方案公示
",2014-12-10
571,"
“张家浜楔形绿地七号河（友谊河--外环运河）河道整治建设工程项目”规划设计方案公示
",2014-12-10
572,"
“河滨路（川环南路--川周公路）新建工程”项目规划设计方案公示
",2014-12-10
573,"
“高行新高苑E1-4配套中学项目”规划设计方案公示
",2014-12-10
574,"
“浦东新区唐镇新市镇D-05-01地块商品房项目”规划设计方案公示
",2014-12-10
575,"
“外高桥新市镇01-05地块幼儿园项目”规划设计方案公示
",2014-12-01
576,"
“前滩核心区域二层连廊及地下空间开发一期（29-01地块绿化总体及周边联络通道）项目”规划设计...
",2014-11-28
577,"
“上海剑润电气有限公司扩建生产车间项目”规划设计方案公示
",2014-11-27
578,"
“听健路（拱海路--拱极路）新建工程”项目规划设计方案公示
",2014-11-26
579,"
“三林滨江南片区（Z000801单元）东区02-02地块项目”规划设计方案公示
",2014-11-26
580,"
“上海浦东曹路基地E-4-1地块商业项目”规划设计方案公示
",2014-11-26
581,"
“拱秀路（听潮路--城西路）新建工程”项目规划设计方案公示
",2014-11-26
582,"
“北门路（拱晨路--拱极路）新建工程”项目规划设计方案公示
",2014-11-26
583,"
“浦东新区新场镇农贸市场商品住宅工程项目”规划设计方案公示
",2014-11-24
584,"
“上海康桥公元三村三期项目”规划设计方案公示
",2014-11-20
585,"
“新场镇东城小学建设项目”规划设计方案公示
",2014-11-13
586,"
“金岸企业发展有限公司临时管理用房项目”规划设计方案公示
",2014-11-12
587,"
“上海利银置业有限公司E-4、E-7、H-1、H-10地块建设项目”规划设计方案公示
",2014-11-12
588,"
“中国航油上海储备基地项目”规划设计方案公示
",2014-11-12
589,"
“两港公路（拱极路-S32）新建工程配套污水泵站工程项目”规划设计方案公示
",2014-11-10
590,"
“民雷路地块住宅项目”规划设计方案公示
",2014-11-07
591,"
“富士康大厦（暂定名）”规划设计调整方案公示
",2014-11-06
592,"
“ES4黄浦江滨江大道及绿化工程--体育公园项目”规划设计方案公示
",2014-11-04
593,"
“海事大学1-05-01地块商品房项目”规划设计调整方案公示
",2014-11-03
594,"
“ES4黄浦江滨江大道及绿化工程--滨江休闲公园（配套建筑）项目”规划设计方案公示
",2014-11-01
595,"
“浦东新区祝桥物流园区一期B3-1地块项目”规划设计方案公示
",2014-10-24
596,"
“上海祝桥空港国际物流基地项目”规划设计方案公示
",2014-10-24
597,"
“曹路大基地南扩区B09A-10地块保障性住房项目”规划设计方案公示
",2014-10-23
598,"
“曹路大基地南扩区B09B-17地块动迁安置房项目”规划设计方案公示
",2014-10-23
599,"
“顾高路（光芒河桥--东靖路）新建工程”建设工程设计方案公示
",2014-10-17
600,"
“高科西路（沪南路-罗山路）新建工程”建设工程设计方案公示
",2014-10-15
601,"
“惠南生活垃圾中转站配套管理用房项目”规划设计方案公示
",2014-10-15
602,"
“花木社区卫生服务中心改扩建工程”规划设计方案公示
",2014-10-08
603,"
“新高苑东苑动迁安置房项目”规划设计方案公示
",2014-09-30
604,"
“航头大型居住社区福利院新建工程项目”规划设计方案公示
",2014-09-29
605,"
“北蔡绿川小区2-3地块配套幼儿园项目”规划设计方案公示
",2014-09-29
606,"
“上海欧罗投资有限公司生产厂房项目”规划设计方案公示
",2014-09-28
607,"
“上海市大型居住社区周康航拓展基地C-05-01地块动迁安置房项目”规划设计方案公示
",2014-09-23
608,"
“新场镇01单元C-02、C-03商业和住宅项目”规划设计方案公示
",2014-09-23
609,"
“惠南镇东城区A7-5地块公建配套小学项目”规划设计方案公示
",2014-09-23
610,"
“浦东新区杨思社区Z000602编制单元15-08地块商品房项目”规划设计方案公示
",2014-09-23
611,"
“唐镇新市镇A-02-05地块公建配套初级中学项目”规划设计方案公示
",2014-09-22
612,"
“祝桥镇AE-20地块项目”规划设计方案公示
",2014-09-18
613,"
“祝桥镇AC-13地块项目”规划设计方案公示
",2014-09-18
614,"
“航头大型居住社区文化中心项目”规划设计方案公示
",2014-09-18
615,"
“大华锦绣华城5#地块项目”规划设计方案公示
",2014-09-18
616,"
“惠南镇东城区A7-6地块公建配套幼儿园项目”规划设计方案公示
",2014-09-17
617,"
“惠南镇东城区A7-9地块公建配套初中项目”规划设计方案公示
",2014-09-17
618,"
“宣桥镇23号单元E-05地块配套小学项目”规划设计方案公示
",2014-09-12
619,"
“御桥小区B地块13-11（A块）商业办公项目”规划设计方案公示
",2014-09-12
620,"
“周家渡01-07地块项目”规划设计方案公示
",2014-09-10
621,"
“高行新高苑E1-4配套中学项目”规划设计方案公示
",2014-09-09
622,"
“张家浜楔形绿地D1f-31地块社区配套商业项目”规划设计方案公示
",2014-09-05
623,"
“宣桥镇23号单元H-02地块配套幼儿园项目”规划设计方案公示
",2014-09-04
624,"
“宣桥镇23号单元D-05地块配套初中项目”规划设计方案公示
",2014-09-04
625,"
“惠南一方新城三期项目”规划设计方案公示
",2014-09-04
626,"
“曹路新市镇D1-1地块商研楼项目”规划设计方案公示
",2014-09-04
627,"
“民乐大型居住区福利院项目”规划设计方案公示
",2014-09-02
628,"
“张江镇环东养老院项目”规划设计方案公示
",2014-09-01
629,"
“上海市地面沉降监测站网络工程-浦东航头站监测站项目”规划设计方案公示
",2014-08-28
630,"
“惠南镇东城区A10-4地块征收安置房项目”规划设计方案公示
",2014-08-28
631,"
“浦东新区航头拓展大型居住社区（回搬基地配套商品房）3街坊建设工程项目”规划设计方案公示
",2014-08-28
632,"
“上海市地面沉降监测站网络工程-浦东新区惠南监测站项目”规划设计方案公示
",2014-08-28
633,"
“张家浜楔形绿地D1-25、D1-36地块商品住宅项目”规划设计方案公示
",2014-08-25
634,"
“上海康捷空物流有限公司新建仓库工程项目（一期）”规划设计方案公示
",2014-08-22
635,"
“上海康捷空物流有限公司新建仓库工程项目（二期）”规划设计方案公示
",2014-08-22
636,"
“浦东大团镇NH020201单元16-01地块配套小学项目”规划设计方案公示
",2014-08-18
637,"
“浦东大团镇NH020201单元17-02地块配套幼儿园项目”规划设计方案公示
",2014-08-18
638,"
“上海宇筑机械设备制造有限公司新建厂房项目”规划设计方案公示
",2014-08-13
639,"
“金桥S9-I地块碧云社区浦东花园（美麓）项目”规划设计方案公示
",2014-08-12
640,"
“金桥S9-II地块碧云社区浦东花园（美园）项目”规划设计方案公示
",2014-08-12
641,"
“聚航苑配套商品房项目三期商业调整及新建变电站项目”规划设计方案公示
",2014-08-12
642,"
“建恒路（建林路-沈梅港）道路新建工程”建设工程设计方案公示
",2014-08-11
643,"
“康馨苑二期项目”规划设计方案公示
",2014-08-11
644,"
“高桥镇凌桥社区11-3地块高桥养护院项目”规划设计方案公示
",2014-07-31
645,"
“惠南镇东城区G-C2-1地块配套幼儿园项目”规划设计方案公示
",2014-07-30
646,"
“浦东新区祝桥镇江镇社区E4-1地块动迁安置房项目”规划设计方案公示
",2014-07-29
647,"
“海富城市花园四期4-1地块项目”规划设计方案公示
",2014-07-23
648,"
“环邑置业硕博汇项目”规划设计方案公示
",2014-07-22
649,"
“浦东新区周浦中心镇6单元A-8-3绿地景观工程项目”规划设计方案公示
",2014-07-22
650,"
“浦东新区祝桥镇江镇社区E3-1地块动迁安置房项目”规划设计方案公示
",2014-07-21
651,"
“世茂滨江花园商务区项目”规划设计方案公示
",2014-07-18
652,"
“拱为路（南祝公路-丰海路）新建工程”建设工程设计方案公示
",2014-07-16
653,"
“沿河路（航头路-闸航路）新建工程”建设工程设计方案公示
",2014-07-16
654,"
“ES4单元黄浦江滨江大道及绿化工程-滨江休闲公园项目”规划设计方案公示
",2014-07-14
655,"
“上海市大型居住社区新选址航头基地13-05地块幼儿园项目”规划设计方案公示
",2014-07-11
656,"
“御熙路（御桥路-御北路）新建工程”建设工程设计方案公示
",2014-07-09
657,"
“南汇工业园区投资发展有限公司南汇工业园区17-12-13地块配套小学项目”规划设计方案公示
",2014-07-09
658,"
“航头镇4号单元04-09-07地块配套幼儿园项目”规划设计方案公示
",2014-07-08
659,"
“大华锦绣华城9-3地块新建项目”规划设计方案公示
",2014-07-07
660,"
“张家浜楔形绿地华漕达、陆家宅河、北界浜河道及绿化建设工程”规划设计方案公示
",2014-07-04
661,"
“35KV东绣变电站项目”建设工程设计方案第三次公示
",2014-07-03
662,"
“浦东新区惠南镇听潮七村项目”规划设计方案公示
",2014-07-03
663,"
“新希望产业园区D-11地块新建项目”规划设计方案公示
",2014-07-02
664,"
“川沙消防站迁建工程项目”规划设计方案公示
",2014-06-30
665,"
“浦东新区唐镇新市镇第一编制单元A-09-03地块项目”规划设计方案公示
",2014-06-27
666,"
“莲林路（高青路-五星路）新建工程”建设工程设计方案公示
",2014-06-26
667,"
“世茂滨江花园商务区项目”规划设计方案公示
",2014-06-23
668,"
“大华锦绣华城4-13地块商业项目”规划设计方案公示
",2014-06-23
669,"
“海事大学1-05-01地块商品房项目”规划设计方案公示
",2014-06-20
670,"
“浦东新区畜牧兽医技术服务中心改扩建项目”规划设计方案公示
",2014-06-19
671,"
“上海市浦东新区唐镇1号区级动迁基地W18-5街坊商品房项目”规划设计方案公示
",2014-06-19
672,"
“前滩核心区域二层连廊及地下空间开发一期（29-01地块绿化总体及周边联络通道）项目”规划设计...
",2014-06-18
673,"
“上海利银置业有限公司E-4，E-7，H-1，H-10地块建设项目”规划设计方案公示
",2014-06-18
674,"
“上海康桥公元三村三期项目”规划设计方案公示
",2014-06-18
675,"
“浦东新区祝桥镇AD-23地块项目”规划设计方案公示
",2014-06-16
676,"
“唐镇I区级动迁基地W1-7地块二期方案项目”规划设计方案公示
",2014-06-16
677,"
“黎明填埋场填埋气综合处置工程项目”规划设计方案公示
",2014-06-11
678,"
“上海市航空服务学校天桥项目”规划设计方案公示
",2014-06-10
679,"
“上海新海航资产经营管理有限公司新建生产厂房项目”规划设计方案公示
",2014-06-09
680,"
“金槐路（锦绣东路-广兰路）新建工程”建设工程设计方案公示
",2014-06-06
681,"
“上海市下盐石油化工有限公司下盐路加油站新建项目”规划设计方案公示
",2014-06-05
682,"
“经三路（唐龙路-高科东路）新建工程”建设工程设计方案公示
",2014-05-30
683,"
“新场镇东城区幼儿园建设项目”规划设计方案公示
",2014-05-29
684,"
“新场镇东城小学建设项目”规划设计方案公示
",2014-05-29
685,"
“前滩中心25-02地块办公楼项目”规划设计方案公示
",2014-05-26
686,"
“上海浦东国际供应链管理平台项目”规划设计方案公示
",2014-05-26
687,"
“上海市居住社区周浦镇41号地块二期（暂名）项目”规划设计方案公示
",2014-05-26
688,"
“张家浜楔形绿地C2-09配套幼儿园项目”规划设计方案公示
",2014-05-26
689,"
“浦东新区祝桥镇中心镇区核心区E-4，E-7，H-1，H-10地块项目”规划设计方案公示
",2014-05-22
690,"
“上南路3301号经适房捆绑商品住宅项目”规划设计方案公示
",2014-05-14
691,"
“上海粤华房地产有限公司粤亮湾景苑四期项目”调整规划设计方案公示
",2014-05-14
692,"
“洋泾社区2-03-02地块新建项目”规划设计方案公示
",2014-05-12
693,"
“纬三路（凌高路-高新河路）新建工程”建设工程设计方案公示
",2014-05-12
694,"
“三林镇恒宇南块幼儿园新建工程项目”规划设计方案公示
",2014-05-12
695,"
“三林镇恒宇南块小学新建工程项目”规划设计方案公示
",2014-05-12
696,"
“经四路、纬七路”建设工程设计方案公示
",2014-05-09
697,"
“上海市大型居住社区新选址航头基地24-02地块小学项目”规划设计方案公示
",2014-05-07
698,"
“张家浜楔型绿地住宅三期D2、D4电站调整项目”规划设计方案公示
",2014-04-30
699,"
“上海市川沙新市镇城南社区C03-29住宅地块项目”规划设计方案公示
",2014-04-29
700,"
“上海浦东前滩天然气分布式能源项目”规划设计方案公示
",2014-04-29
701,"
“上海市川沙中学迁建工程（创建上海市实验性示范性高中）项目”规划设计方案公示
",2014-04-29
702,"
“ES4单元黄浦江滨江大道及绿化工程-滨江休闲公园项目”规划设计方案公示
",2014-04-29
703,"
“三林新村A（1#）（09-13）地块项目”规划设计方案公示
",2014-04-25
704,"
“唐镇新市镇D-05-01地块商品房项目”规划设计方案公示
",2014-04-25
705,"
“上海合庆集镇10-05地块动迁安置房建设项目”规划设计方案公示
",2014-04-25
706,"
“鑫陇大厦（暂定名）项目”规划设计调整方案公示
",2014-04-23
707,"
“三林W1-15地块新建部队营房项目”规划设计方案公示
",2014-04-23
708,"
“浦东新区2005年生态专项建筑工程P1-28地块（金海湿地公园）配套建筑设施工程项目”规划设计方...
",2014-04-23
709,"
“御南路、康杉路”建设工程设计方案公示
",2014-04-23
710,"
“上海市大型居住社区新选址航头基地社区行政中心（03-05地块）项目”规划设计方案公示
",2014-04-22
711,"
“上海源耀生物股份有限公司厂房建设项目”规划设计方案公示
",2014-04-22
712,"
“35KV东绣变电站工程项目”建设工程设计方案再公示
",2014-04-21
713,"
“唐镇新市镇A-5-3地块商办楼项目”规划设计方案的调整公示
",2014-04-18
714,"
“老港镇C-5-03地块动迁安置房项目”规划设计方案公示
",2014-04-18
715,"
“上海宣赫新能源材料有限公司新建生产厂房项目”规划设计方案公示
",2014-04-17
716,"
“川沙新市镇C04-04地块新建幼儿园项目”规划设计方案公示
",2014-04-15
717,"
“新场镇汇锦城4-1住宅地块项目”规划设计方案公示
",2014-04-15
718,"
“前滩40-01地块项目”规划设计方案公示
",2014-04-14
719,"
“高行第二社区卫生服务中心新建工程项目”规划设计方案公示
",2014-04-10
720,"
“张家浜楔形绿地D1-32地块公交始末站项目”规划设计方案公示
",2014-04-08
721,"
“五三中学改扩建工程项目”规划设计方案公示
",2014-04-04
722,"
“高桥新城B-4-3幼儿园项目”规划设计方案公示
",2014-04-01
723,"
“周浦中心镇06单元B-3-2地块配套小学新建工程项目”规划设计方案公示
",2014-03-28
724,"
“高桥新城B-4-2地块商品房项目”规划设计方案公示
",2014-03-28
725,"
“周浦镇6-A-8-5地块公交首末站新建工程项目”规划设计方案公示
",2014-03-28
726,"
“上海粤华房地产有限公司粤亮湾景苑四期项目”规划设计方案公示
",2014-03-28
727,"
“东沟居住小区C-5地块商业办公项目”规划设计方案公示
",2014-03-27
728,"
“祝桥二期4#地块配套商品房项目”规划设计方案公示
",2014-03-21
729,"
“陶家宅地块旧改项目”规划设计方案公示
",2014-03-20
730,"
“张家浜楔形绿地华漕达、陆家宅河、北界浜河道及绿化建设工程”规划设计方案公示
",2014-03-15
731,"
“周浦中心镇7号单元B2-14地块小学项目”规划设计方案公示
",2014-03-13
732,"
“周浦中心镇6号单元A-8-4地块公建配套幼儿园项目”规划设计方案公示
",2014-03-13
733,"
“上海南保交通设施制造有限公司新建交通设施生产线项目”规划设计方案公示
",2014-03-13
734,"
“浦东工人文化宫（暂名）增加开关站项目”规划设计方案公示
",2014-03-12
735,"
“上海涌岱实业有限公司德全楼新建项目”规划设计方案公示
",2014-03-10
736,"
“花木街道培花新村B2-5、B5-1、B5-3地块项目”规划设计方案公示
",2014-03-10
737,"
“上海川沙新市镇城南社区C03-20商业金融地块项目”规划设计方案公示
",2014-03-06
738,"
“德浦路（康沈路-周东路）建设工程”建设工程设计方案公示
",2014-03-05
739,"
“佳兆业金融中心（暂定名）项目”规划设计方案公示
",2014-03-03
740,"
“上海川沙新市镇城南社区C03-31商办地块项目”规划设计方案公示
",2014-02-28
741,"
“惠南镇小学加建工程项目”规划设计方案公示
",2014-02-28
742,"
“A-9-13-2地块宾馆项目”规划设计方案公示
",2014-02-27
743,"
“金桥镇108街坊1/1地块商业中心项目”规划设计局部建筑调整的公示
",2014-02-27
744,"
“张家浜楔形绿地北界浜河道及绿化建设工程”设计方案公示
",2014-02-24
745,"
“前滩中心34号地块项目”规划设计方案公示
",2014-02-20
746,"
“宣桥镇镇北路（南六公路-憩龙河）建设工程”建设工程设计方案公示
",2014-02-19
747,"
“金槐路（广兰路-申江路）、金豫路（金葵路-金槐路）新建工程”建设工程设计方案公示
",2014-02-18
748,"
“曹路新市镇D1-1地块商研楼项目”规划设计方案公示
",2014-02-12
749,"
“前滩39-01地块项目”规划设计方案公示
",2014-02-10
750,"
“上海北蔡105街坊13-03地块商品住宅项目”规划设计方案公示
",2014-02-08
751,"
“中芯国际12英寸项目研发及生活配套用房项目”规划设计方案公示
",2014-01-29
752,"
“周浦八号单元（繁荣小区A3-2地块）配套幼儿园工程项目”规划设计方案公示
",2014-01-29
753,"
“浦东唐城第二幼儿园项目”规划设计方案调整的公示
",2014-01-29
754,"
“浦东新区浦兴社区Y000902编制单元19-04地块住宅项目”规划设计方案公示
",2014-01-27
755,"
“前滩22-01地块项目、24-01地块项目、28-01地块项目、30-01地块项目”规划设计方案公示
",2014-01-27
756,"
“保集英郡一期、二期项目”规划设计方案调整的公示
",2014-01-27
757,"
“浦东新区高桥镇凌桥社区动迁房基地N5-1地块项目”规划设计方案公示
",2014-01-27
758,"
“华辰通达物流有限公司新建工业仓储用房项目”规划设计方案公示
",2014-01-26
759,"
“上海市大型居住社区周康航拓展基地C-06-16经济适用房地块项目”规划设计方案公示
",2014-01-24
760,"
“川沙新市镇城南社区C06-07A地块商品房项目”规划设计方案公示
",2014-01-24
761,"
“前滩37-01地块项目”规划设计方案公示
",2014-01-22
762,"
“环邑置业B-7A地块硕博汇项目”规划设计方案公示
",2014-01-17
763,"
“大团镇配套商品房A地块项目”规划设计方案公示
",2014-01-17
764,"
“上海市浦东新区周浦镇08单元06-05地块项目”规划设计方案公示
",2014-01-16
765,"
“张家浜楔形绿地C1-29地块商用综合楼项目”规划设计方案公示
",2014-01-16
766,"
“惠南镇18街坊20/4丘地块设施改建工程项目”规划设计方案公示
",2014-01-13
767,"
“前滩29-03地块项目”规划设计方案公示
",2014-01-13
768,"
“金桥集镇8-1地块绿地项目”规划设计方案公示
",2014-01-10
769,"
“上海市配套商品房曹路基地C-3-3环卫分所项目”规划设计方案公示
",2014-01-09
770,"
“ES4单元新建雨水泵站工程”建设工程设计方案公示
",2014-01-08
771,"
“上海国际医学园区配套商品房B-04-02、B-04-07地块项目”规划设计方案公示
",2014-01-08
772,"
“前滩12-01地块项目”规划设计方案公示
",2014-01-02
773,"
“航头大型居住社区文化中心项目”规划设计方案公示
",2013-12-27
774,"
“杨高路-民生路立交新建工程”建设工程设计方案公示
",2013-12-25
775,"
“曹路大居配套派出所项目”规划设计方案公示
",2013-12-24
776,"
“张江三号动迁基地公交首末站项目”规划设计方案公示
",2013-12-24
777,"
“三林基地B1-5、B1-6地块商业项目”规划设计方案公示
",2013-12-20
778,"
“惠南镇民乐基地M03-01、M04-01、M05-01地块项目”规划设计方案公示
",2013-12-20
779,"
“唐镇1区级动迁基地W5-4地块公建配套完中项目”规划设计方案公示
",2013-12-18
780,"
“合庆镇凌杨路（塘东路-环庆南路）新建工程”建设工程设计方案公示
",2013-12-18
781,"
“规划三路（五星路-鹏海路）新建工程”建设工程设计方案公示
",2013-12-16
782,"
“上海金融学院新建学生公寓三号楼项目”规划设计方案公示
",2013-12-13
783,"
“上海市浦东新区锦华（北蔡）小区1-06-10地块配套幼儿园项目”规划设计方案公示
",2013-12-10
784,"
“鹏海路（锦绣路-绿林路）新建工程”建设工程设计方案公示
",2013-12-05
785,"
“上海市配套商品房曹路基地G-4-7南面垃圾压缩站项目”规划设计方案公示
",2013-12-05
786,"
“上海市经济适用房航头基地1#地块东区增加（街坊站）项目”规划设计方案公示
",2013-12-05
787,"
“上海市配套商品房基地曹路基地C-3-4北面垃圾压缩站项目”规划设计方案公示
",2013-12-05
788,"
“曹路基地北部公交首末站项目”规划设计方案公示
",2013-12-05
789,"
“金力时代广场（一期）项目”规划设计方案的补充公示
",2013-12-04
790,"
“川沙新市镇C08-09地块新建幼儿园项目”规划设计方案公示
",2013-12-04
791,"
“浦东唐城第二幼儿园项目”规划设计方案公示
",2013-12-02
792,"
“上海SK大厦（暂定名）项目”规划设计方案公示
",2013-11-22
793,"
“奥特莱斯停车场（南部）新建工程项目”规划设计方案公示
",2013-11-22
794,"
“上海市大型居住社区周康航拓展基地文化中心地块（C-05-02）项目”规划设计方案公示
",2013-11-22
795,"
“上海市唐镇新市镇D-05-01地块商品房项目”规划设计方案公示
",2013-11-22
796,"
“世纪大道SB1-1项目”规划设计调整方案公示
",2013-11-21
797,"
“上海北蔡105街坊13-02地块新建项目”规划设计方案公示
",2013-11-21
798,"
“东方花园二期项目”规划设计方案公示
",2013-11-15
799,"
“唐镇新市镇E-11-5地块公建配套幼儿园”规划设计方案公示
",2013-11-08
800,"
“曹路大型居住社区E-1-1地块动迁安置房项目13#楼、28#变电站及垃圾收集房”规划设计方案调整的...
",2013-11-08
801,"
“上海市浦东新区周浦镇08单元06-07地块绿地商业项目”规划设计方案公示
",2013-11-07
802,"
“西群河（外环运河-杨家沟）新建河道工程”建设工程设计方案公示
",2013-11-04
803,"
“西群河（外环运河-杨家沟）新建河道工程”设计方案预公示
",2013-11-01
804,"
“地杰国际城A街坊项目”规划设计方案公示
",2013-10-31
805,"
“陆家嘴地区环卫停车场建设工程项目”规划设计方案公示
",2013-10-30
806,"
“220千伏上川变电站”建设工程规划设计方案公示
",2013-10-28
807,"
“浦东新区浦兴社区Y000902编制单元19-04地块住宅项目”规划设计方案公示
",2013-10-25
808,"
“唐镇新市镇A-5-3地块商办楼项目”规划设计方案公示
",2013-10-25
809,"
“上川变电站”设计方案预公告
",2013-10-25
810,"
“前滩中心25-1南区项目”规划设计方案公示
",2013-10-22
811,"
“金穗路、轲桥路等5条道路”建设工程设计方案公示
",2013-10-19
812,"
“新建加油站项目”规划设计方案公示
",2013-10-18
813,"
“G2园区地下车库项目”规划设计方案公示
",2013-10-16
814,"
“航亭置业E-2地块商住用房新建项目”规划设计方案公示
",2013-10-10
815,"
“上海第二工业大学工程训练中心及配套设施工程项目”规划设计方案公示
",2013-10-10
816,"
“地杰国际城A街坊项目”规划设计方案公示
",2013-10-08
817,"
“上海申怡机械设备有限公司申怡机械大麦湾建设项目”规划设计方案公示
",2013-10-08
818,"
“金张F1-07地块商业展示、配套项目扩建工程”规划设计方案公示
",2013-09-30
819,"
“云间绿大地1-2-4（四期）地块配套公建项目”规划设计方案公示
",2013-09-30
820,"
“周浦镇梓康路雨水泵站新建工程”建设工程设计方案公示
",2013-09-27
821,"
“汤臣金桥花园二期工程项目”规划设计方案公示
",2013-09-27
822,"
“施太恩低压电气元件生产基地项目（3号地块）”规划设计方案公示
",2013-09-27
823,"
“施太恩低压电气元件生产基地项目（1号地块）”规划设计方案公示
",2013-09-27
824,"
“闽龙达农产品精深加工基地建设项目”规划设计方案公示
",2013-09-26
825,"
“新场镇工农路（新环东路―众安路）道路新建工程”建设工程设计方案公示
",2013-09-26
826,"
“新场古镇养老中心项目”规划设计方案公示
",2013-09-26
827,"
“跃风风光互补照明系统制造项目”规划设计方案公示
",2013-09-24
828,"
“上海浦东申峰钢结构制造有限公司生产厂房项目”规划设计方案公示
",2013-09-24
829,"
“上海市唐镇新市镇D-05-01地块商品房项目”规划设计方案公示
",2013-09-24
830,"
“唐镇五街坊地块商品房项目”规划设计方案调整的公示
",2013-09-24
831,"
“C18-06公寓式酒店项目”规划设计方案公示
",2013-09-23
832,"
“上海巨晴水疗设备有限公司新建厂房工程二期项目”规划设计方案公示
",2013-09-23
833,"
“浦东新区东沟09-03地块商品房项目”规划设计方案公示
",2013-09-23
834,"
“奥特莱斯公交首末站项目”规划设计方案公示
",2013-09-23
835,"
“高东集镇9a-2-1地块动迁安置房项目”规划设计方案公示
",2013-09-18
836,"
“祝桥二期4#地块配套商品房项目”规划设计方案公示
",2013-09-18
837,"
“周康航配套商品房基地C-04-01地块项目”规划设计方案公示
",2013-09-18
838,"
“花木社区卫生服务中心改扩建工程项目”规划设计方案公示
",2013-09-17
839,"
“浦东新区致立学校改扩建工程项目”规划设计方案公示
",2013-09-16
840,"
“思学路（浦东北路―莱阳路）新建工程”建设工程设计方案公示
",2013-09-14
841,"
“唐镇I区级动迁基地W1-7地块一期方案项目”规划设计方案公示
",2013-09-11
842,"
“前滩企业天地项目”规划设计方案公示
",2013-09-10
843,"
“周浦镇41号地块（暂名）三期工程项目”规划设计方案公示
",2013-09-03
844,"
“上海市保障性住房三林基地B2-6地块敬老院新建项目”规划设计方案公示
",2013-08-30
845,"
“浦东新区周浦镇溢泽华庭动迁安置房地块项目”调整规划设计方案公示
",2013-08-30
846,"
“明天华城三期B区块小商业项目”规划设计修改方案公示
",2013-08-30
847,"
“孙建路（孙桥路―张东路）新建工程”建设工程设计方案公示
",2013-08-29
848,"
“市属保障性住房航头基地体育中心一期工程项目”规划设计方案公示
",2013-08-29
849,"
“前滩企业天地二期项目”规划设计方案公示
",2013-08-28
850,"
“惠南消防站迁建工程项目”规划设计方案公示
",2013-08-26
851,"
“高博路（东煦路―德爱路）新建工程”建设工程设计方案公示
",2013-08-23
852,"
“上海市大型居住社区周康航拓展基地C-03-02动迁安置房地块项目”规划设计方案公示
",2013-08-23
853,"
“惠南镇靖海苑二期项目”规划设计方案公示
",2013-08-21
854,"
“同创路延伸段新建工程项目”规划设计方案公示
",2013-08-19
855,"
“张家浜楔形绿地A2街坊A-8地块住宅项目”规划设计方案公示
",2013-08-19
856,"
“碧云国际社区配套幼儿园项目”规划设计方案公示
",2013-08-16
857,"
“上海市大型居住社区周康航拓展基地社区行政服务中心（A-02-02）项目”规划设计方案公示
",2013-08-15
858,"
“南汇少体校原址新建幼儿园项目”规划设计方案公示
",2013-08-08
859,"
“上海市大型居住社区周康航拓展基地C-05-07动迁安置房地块项目”规划设计方案公示
",2013-08-08
860,"
“上海市大型居住社区周康航拓展基地C-04-08动迁安置房地块项目”规划设计方案公示
",2013-08-08
861,"
“川沙新市镇C08-16地块动迁安置房项目”规划设计方案公示
",2013-08-07
862,"
“上海市浦东新区民乐大型居住社区E02-05地块（街坊站、垃圾压缩站）项目”规划设计方案的补充公...
",2013-08-07
863,"
“上海市浦东新区民乐大型居住社区A01-02地块（街坊站、开关站）项目”规划设计方案的补充公示
",2013-08-06
864,"
“上海怡通商业广场项目”规划设计方案调整公示
",2013-08-02
865,"
“上海市浦东新区合庆集镇8-16地块商业房项目”规划设计方案公示
",2013-07-26
866,"
“上海中优城市广场项目”规划设计方案公示
",2013-07-25
867,"
“碧云国际社区配套设施项目”规划设计方案公示
",2013-07-24
868,"
“周康航配套商品房基地B-04-04地块”规划设计方案公示
",2013-07-24
869,"
“外高桥E06-03地块项目”规划设计方案公示
",2013-07-24
870,"
“外高桥E03-02地块项目”规划设计方案公示
",2013-07-24
871,"
“佛罗伦萨小镇上海浦东奥特莱斯一期”项目规划设计方案公示
",2013-07-23
872,"
“前滩中心25-1北区项目”规划设计方案公示
",2013-07-22
873,"
“大型居住社区曹路基地E-3-3地块社区服务中心项目”规划设计方案公示
",2013-07-19
874,"
“高东集镇21-3地块动迁安置房项目”规划设计方案公示
",2013-07-19
875,"
“上海汇波智能控制设备有限公司高效电机智能控制设备工厂建设项目”规划设计方案公示
",2013-07-19
876,"
“南汇区配套商品房航头镇沉香苑D、E、F建设工程F地块项目”规划设计方案公示
",2013-07-18
877,"
“上海市浦东新区民乐大型居住社区A03-12初中项目”规划设计方案公示
",2013-07-18
878,"
“上海市浦东新区民乐大型居住社区B07-01小学项目”规划设计方案公示
",2013-07-18
879,"
“浦东新区曹路镇基地3号地块经济适用房10KV开关站、街坊站1-6，水泵房9项目”规划设计方案公示
",2013-07-18
880,"
“瑞苑二期办公楼项目”规划设计方案（优化调整）的公示
",2013-07-17
881,"
“仁恒锦庭项目（暂定名）”规划设计调整方案公示
",2013-07-15
882,"
“外高桥G03-17地块项目”规划设计方案公示
",2013-07-10
883,"
“上海市浦东新区龚路镇中心小学多功能教学楼（扩建）项目”规划设计方案公示
",2013-07-10
884,"
“惠南新市镇17-11-05、17-11-08储备地块建设项目”规划设计方案的补充公示
",2013-07-09
885,"
“上海美国学校建设浦东校园三期（演艺中心）项目”规划设计方案公示
",2013-07-09
886,"
“高桥镇A08-17地块住宅项目”规划设计方案公示
",2013-07-08
887,"
“浦东新区2005年生态专项建筑工程P1-28地块（金海湿地公园）配套建筑设施工程项目”规划设计方...
",2013-07-08
888,"
“同乐路（芳华路―芳草路）新建工程”建设工程设计方案公示
",2013-07-05
889,"
“张家浜37-A地块商办楼（金之源大厦）项目”规划设计方案公示（调整优化）
",2013-07-04
890,"
“浦东新区惠南镇听潮七村5号、6号二期配套商业用房项目”规划设计方案公示
",2013-07-04
891,"
“川沙新镇C08-08地块动迁安置房项目”规划设计方案公示
",2013-07-01
892,"
“上海大型居住社区新选址航头基地07-02地块幼儿园项目”规划设计方案公示
",2013-06-28
893,"
“海富城市花园二期C地块垃圾房项目调整”规划设计方案公示
",2013-06-28
894,"
“上海交通大学医学院附属仁济医院（东院）放射诊疗科2号楼扩建工程项目”规划设计方案公示
",2013-06-26
895,"
“上海大型居住社区新选址航头基地25-02地块幼儿园项目”规划设计方案公示
",2013-06-24
896,"
“康沈路（沪南公路―川周公路）改建工程”建设工程设计方案公示
",2013-06-21
897,"
“听潮路（下盐公路―拱为路）新建工程”建设工程设计方案公示
",2013-06-21
898,"
“上海索迪龙自动化有限公司生产厂房项目”规划设计方案公示
",2013-06-21
899,"
“铜山街旧改南块项目”规划设计方案公示
",2013-06-20
900,"
“上海市大型居住社区新选址航头基地05-05地块小学项目”规划设计方案公示
",2013-06-20
901,"
“上海市大型居住社区新选址航头基地08-01地块中学项目”规划设计方案公示
",2013-06-20
902,"
“上海市大型居住社区新选址航头基地24-01地块中学项目”规划设计方案公示
",2013-06-20
903,"
“35KV殷家浜变电站工程”规划设计方案公示
",2013-06-19
904,"
“35KV快乐变电站工程”规划设计方案公示
",2013-06-19
905,"
“三八河商品住宅项目”规划设计方案公示
",2013-06-18
906,"
“上海市配套商品房曹路基地E-3-1配套中学项目垃圾房调整”规划设计方案公示
",2013-06-18
907,"
“上海市配套商品房曹路基地H-1-5配套幼儿园项目”规划设计方案公示
",2013-06-18
908,"
“上海市浦东新区曹路基地A-1-7地块商业用房项目”规划设计方案公示
",2013-06-14
909,"
“听锦路（拱亮路―拱极路）新建工程”建设工程设计方案公示
",2013-06-14
910,"
“上海市大型居住社区周康航拓展基地幼儿园3号地块（B-06-03）项目”规划设计方案公示
",2013-06-09
911,"
“齐爱、齐友路（南曹路―顾唐路）新建工程”建设工程设计方案公示
",2013-06-07
912,"
“博华路（成山路-川杨河）道路新建工程”建设工程设计方案公示
",2013-06-07
913,"
“金杨社区Y001005（8-5、8-3）地块沿街商业用房建设项目”规划设计方案公示
",2013-06-07
914,"
“杨东B5-5、5-6地块商业文化办公用房项目”规划设计方案公示
",2013-06-05
915,"
“御桥17-2地块高层住宅及商业配套项目”规划设计方案公示
",2013-06-05
916,"
“唐镇新市镇D-04-14地块项目”规划设计方案公示
",2013-06-05
917,"
“黄浦江沿岸E18（9-3）地块项目”规划设计方案（优化方案）再次公示
",2013-06-04
918,"
“御水路（中环线-御青路）道路新建工程”建设工程设计方案公示
",2013-05-31
919,"
“规划一路（申江路-众安路）道路新建工程”建设工程设计方案公示
",2013-05-31
920,"
“经一路（周祝公路-纬二路）道路新建工程”建设工程设计方案公示
",2013-05-31
921,"
“上海市配套商品房曹路基地D-3-2幼儿园建设项目”规划设计方案公示
",2013-05-31
922,"
“耀华地区16-1地块公共租赁住房项目”规划设计方案公示
",2013-05-27
923,"
“周浦15#地块二期方案项目”规划设计方案公示
",2013-05-24
924,"
“祝桥新镇商业储备地块项目（世和空港中心）项目”规划设计方案公示
",2013-05-24
925,"
“浦东新区航头拓展大型居住社区（回搬基地配套商品房）5街坊建设工程（调整）项目”规划设计方...
",2013-05-24
926,"
“关岳路（康沈路-周东路）道路新建工程”建设工程设计方案公示
",2013-05-21
927,"
“上海浦东物流股份有限公司物流仓库项目一期1#2#仓库加层项目”规划设计方案公示
",2013-05-20
928,"
“博康智能网络科技股份有限公司企业总部、智慧云及主动感知的智能前端产业化基地项目”规划设计...
",2013-05-17
929,"
“惠南镇拱极路雨水泵站新建工程项目”规划设计方案公示
",2013-05-17
930,"
“35KV东绣输变电工程项目”规划设计方案公示
",2013-05-16
931,"
“上海市大型居住社区周康航拓展基地幼儿园5号地块（C-06-10）项目”规划设计方案公示
",2013-05-15
932,"
“城西路（沪南公路以南-宣黄公路）新建工程”建设工程设计方案公示
",2013-05-11
933,"
“曹路大居配套派出所项目”规划设计方案公示
",2013-05-10
934,"
“上海市浦东新区逸夫小学体育馆拆建及功能重组项目”规划设计方案公示
",2013-05-10
935,"
“周市路（德浦路-祝家港路）新建工程”建设工程设计方案公示
",2013-05-07
936,"
“110KV提香输变电工程”建设工程设计方案公示
",2013-05-02
937,"
“上海申峰钢结构制造有限公司生产厂房项目”规划设计方案公示
",2013-04-28
938,"
“跃风风光互补照明系统制造项目”规划设计方案公示
",2013-04-28
939,"
“培花新村菜场项目”规划设计方案公示
",2013-04-28
940,"
“高桥新城B-4-3地块新建幼儿园项目”规划设计方案公示
",2013-04-28
941,"
“川沙新市镇C07-07地块配套幼儿园项目”规划设计方案公示
",2013-04-28
942,"
“铜山街旧改南块项目”规划设计方案公示
",2013-04-25
943,"
“上海日本人学校浦东校区三期工程”设计方案公示
",2013-04-23
944,"
“金莎中心项目”规划设计方案公示
",2013-04-18
945,"
“汤臣金桥花园（一期）项目”规划设计方案公示
",2013-04-16
946,"
“浦东新区重度残疾人寄养院（二期）扩建工程”总平面图调整公示
",2013-04-15
947,"
“沈梅路（周东路-周园路）新建工程”建设工程设计方案公示
",2013-04-13
948,"
“地杰国际城C街坊C-3（配套商业）项目”规划设计方案公示
",2013-04-10
949,"
“张家浜楔形绿地C1-29地块商用综合楼项目”规划设计方案公示
",2013-04-10
950,"
“民乐大型居住社区拱海路（城西路-听云路）新建工程等8条道路”建设工程设计方案公示
",2013-04-09
951,"
“上海市浦东新区民乐大型居住社区E06-01幼托地块项目”规划设计方案的补充公示
",2013-04-07
952,"
“上海市浦东新区民乐大型居住社区A03-01幼托地块项目”规划设计方案的补充公示
",2013-04-07
953,"
“三林路（上南路-环林西路）新建工程”建设工程设计方案公示
",2013-04-07
954,"
“高桥新城B-4-1地块商品房项目”规划设计方案公示
",2013-03-29
955,"
“航头拓展大型居住社区航昌路（鹤涛路-鹤沙路）等13条道路新建工程”建设工程设计方案公示
",2013-03-27
956,"
“林德路（浦星公路东侧-新桥港）新建工程”建设工程设计方案公示
",2013-03-23
957,"
“上海金陵工业园区一区二期增建地库项目”规划设计方案公示
",2013-03-22
958,"
“中环线浦东段（军工路越江隧道-高科中路）新建工程”建设工程设计方案公示
",2013-03-22
959,"
“ES4单元黄浦江滨江大道及绿化工程-国际友好城市公园项目”规划设计方案公示
",2013-03-18
960,"
“环庆东路、环庆南路（东川公路-凌白路）新建工程”建设工程设计方案公示
",2013-03-18
961,"
“航头基地鹤亭路（航瑞路-基地边界）新建工程”建设工程设计方案公示
",2013-03-18
962,"
“浦兴集贸市场改建工程项目”规划设计方案公示
",2013-03-18
963,"
“浦东新区航头拓展大型居住社区（回搬基地配套商品房）5街坊建设工程项目”规划设计方案公示
",2013-03-15
964,"
“仁锦庭项目（暂定名）”规划设计方案公示
",2013-03-13
965,"
“上海车市零配件采购中心及综合楼建设工程项目”规划设计方案公示
",2013-03-13
966,"
“金粤路中学项目”规划设计方案公示
",2013-03-06
967,"
“上海市实验学校东校改扩建工程项目”规划设计方案公示
",2013-02-28
968,"
“东沟项目02-01地块项目”规划设计方案公示
",2013-02-28
969,"
“浦东新区航头拓展大型居住社区1街坊06-02地块配套商品房（回搬基地）-变电站（加强站）项目”...
",2013-02-28
970,"
“长城澜溪岸城项目五期”规划设计方案公示
",2013-02-27
971,"
“英国德威学校配备服务中心临时项目”规划设计方案公示
",2013-02-25
972,"
“人生港湾・南欧城二期项目”规划设计方案的补充公示
",2013-02-22
973,"
“听悦路（拱海路-拱为路）、拱海路（大川公路-听潮路）、拱川路（大川公路-听潮路）、拱乐路（...
",2013-02-20
974,"
“前滩企业天地项目”规划设计方案公示
",2013-02-06
975,"
“祝桥新镇E5地块普通商品房项目”规划设计方案公示
",2013-02-06
976,"
“陆家嘴星河湾（暂定名）商品住宅三期工程”规划设计方案公示
",2013-02-05
977,"
“保集英郡一期、二期项目”规划设计方案公示
",2013-02-05
978,"
“曹路新市镇B9-10地块项目”规划设计方案公示
",2013-02-01
979,"
“耀华地区19-1地块公共租赁住房项目变电站位置调整”规划设计方案公示
",2013-01-31
980,"
“锦华（北蔡）居住区3-2#地块商品房项目局部调整”规划设计方案公示
",2013-01-31
981,"
“上海市保障性住房航头基地H-6地块集中绿地项目”规划设计方案公示
",2013-01-30
982,"
“上海市保障性住房航头基地M-2地块幼托项目”规划设计方案公示
",2013-01-30
983,"
“上海市保障性住房航头基地N-1地块集中绿地项目”规划设计方案公示
",2013-01-30
984,"
“上海浦东新区三林中学拆建工程项目”规划设计方案公示
",2013-01-28
985,"
“上海市公安交通（水上）管理服务中心项目”规划设计方案公示
",2013-01-23
986,"
“浦东凌桥社区N5-8地块配套幼儿园项目”规划设计方案公示
",2013-01-23
987,"
“上海市浦东新区合庆集镇8-16地块商业房项目”规划设计方案公示
",2013-01-18
988,"
“中邦城市花园A2地块项目”规划设计方案公示
",2013-01-16
989,"
“上海市保障性住房三林基地E1-9地块垃圾转运站及管理用房项目”规划设计方案公示
",2013-01-14
990,"
“上海市保障性住房三林基地B2-5地块幼儿园项目”规划设计方案公示
",2013-01-14
991,"
“禹洲商业广场项目”规划设计方案的补充公示
",2013-01-14
992,"
“上海市大型居住社区周康航拓展基地小学1号地块（A-01-02）项目”规划设计方案公示（调整）
",2013-01-09
993,"
“唐镇A-03-11地块商品房项目”规划设计方案公示（调整）
",2013-01-09
994,"
“上海市浦东新区曹路新市镇A4-9地块新建商业项目”规划设计方案公示
",2013-01-08
995,"
“汤臣罗山路三八河住宅项目三期”规划设计方案公示
",2013-01-07
996,"
“大团高级中学西侧储备地块项目”规划设计方案的补充公示
",2013-01-07
997,"
“上海怡通商业广场项目”规划设计方案公示
",2013-01-07
998,"
“上海亿联全球家居建材博览中心（二期）项目”规划设计方案公示
",2012-12-31
999,"
东沟北地块（05-02、06-04）住宅小区项目规划设计方案的街坊站以及7号楼的间距调整补充公示
",2012-12-27
1000,"
“S11地块住宅项目”规划设计方案公示
",2012-12-24
1001,"
“上海市配套商品房浦东新区航头镇新选址基地6#地块项目”增加街坊站规划设计方案调整的公示
",2012-12-24
1002,"
“唐镇新市镇D-04-14地块项目”规划设计方案公示
",2012-12-21
1003,"
“惠南民乐大型居住社区二期C05-02地块项目”规划设计方案的补充公示
",2012-12-21
1004,"
“张家浜楔形绿地人才公寓一期项目”规划设计方案的调整公示
",2012-12-17
1005,"
“上海儿童医学中心医疗综合楼项目”规划设计方案公示
",2012-12-14
1006,"
“上海市浦东新区民乐大型居住社区B10-08地块项目”规划设计方案公示
",2012-12-13
1007,"
“配套商品房浦江镇原选址8#基地N12-01地块项目”规划设计方案公示
",2012-12-12
1008,"
“浦东工人文化宫（暂名）项目”规划设计方案公示
",2012-12-11
1009,"
“上海外高桥E03-03地块项目”规划设计方案公示
",2012-12-10
1010,"
“诗慕华服装设计大楼项目间距调整”规划设计方案公示
",2012-12-06
1011,"
“周浦镇基地公交起讫站项目”规划设计方案公示
",2012-12-04
1012,"
“宣桥镇04-02保障性住房（经济适用房）项目”规划设计方案的补充公示
",2012-11-30
1013,"
“北蔡镇安建村53/6丘（1-02-1）地块商品房项目”规划设计方案公示
",2012-11-30
1014,"
“航头基地H-10地块公交起讫站项目”规划设计方案公示
",2012-11-30
1015,"
“惠南民乐大型居住社区二期B01-06地块项目”规划设计方案公示
",2012-11-28
1016,"
“新建上海市公民律师事务所办公楼（二期）项目”规划设计方案公示
",2012-11-28
1017,"
“上海市保障性住房航头基地H-11地块菜场项目”规划设计方案公示
",2012-11-28
1018,"
“曹路大居D-1-5托老所项目”规划设计方案公示
",2012-11-26
1019,"
“金桥镇108街坊1/1地块商业中心项目”规划设计方案公示
",2012-11-23
1020,"
“金桥地铁上盖保障房基地（一期）项目”规划设计方案公示
",2012-11-23
1021,"
“金桥出口加工区14-2地块通用厂房新建项目”规划设计方案第二次公示
",2012-11-15
1022,"
“上海市浦东新区新建汽车前驱式涡轮增压装置及零部件生产项目”规划设计方案公示
",2012-11-15
1023,"
“惠南民乐大型居住社区二期C06-01地块项目”规划设计方案公示
",2012-11-15
1024,"
“三林塘港人行天桥项目”规划设计方案公示
",2012-11-15
1025,"
“惠南民乐大型居住社区二期B06-05地块项目”规划设计方案公示
",2012-11-14
1026,"
“惠南民乐大型居住社区二期C02-04地块项目”规划设计方案公示
",2012-11-14
1027,"
“惠南民乐大型居住社区二期C05-02地块项目”规划设计方案公示
",2012-11-14
1028,"
“上海市大型居住社区周康航拓展基地初中2号地块（C-04-07）项目”规划设计方案公示
",2012-11-14
1029,"
“上海市大型居住社区周康航拓展基地高中1号地块（A-04-03）项目”规划设计方案公示
",2012-11-14
1030,"
“唐镇A-03-11地块商品房项目”规划设计方案公示
",2012-11-14
1031,"
“浦东新区周浦镇平玻厂‘退二进三’（公租房）建设工程项目”规划设计方案调整的公示
",2012-11-09
1032,"
“浦东新区曹路大基地南扩区B07-02地块项目”规划设计方案公示
",2012-11-08
1033,"
“上海市浦东新区北蔡御桥社区Z000901单元01-10、01-11地块（原北蔡镇鹏海区级动迁基地A10、A11...
",2012-11-08
1034,"
“浦东新区民乐大型居住社区L04-02地块动迁房安置项目”规划设计方案的补充公示
",2012-11-07
1035,"
“上海市实验学校浦东齐河校区艺术楼、食堂扩建工程项目”规划设计方案公示
",2012-11-06
1036,"
“三杨公共绿地项目”规划设计方案公示
",2012-11-05
1037,"
“上海曹路新市镇A4-13地块商业项目C1号楼”规划设计方案调整的公示
",2012-11-03
1038,"
“惠南民乐大型居住社区L06-02地块项目”规划设计方案的公示
",2012-11-02
1039,"
“陆家嘴星河湾（暂定名）商品住宅三期工程”规划设计方案公示
",2012-10-31
1040,"
“周家渡社区15-14地块动迁安置房项目”规划设计方案公示
",2012-10-31
1041,"
“浦东新区民乐大型居住社区L04-02地块动迁房安置项目”规划设计方案公示
",2012-10-25
1042,"
“三林基地A4-6地块48班高中项目”规划设计方案公示
",2012-10-24
1043,"
“上海浦东新区曹路福利院项目”规划设计方案公示
",2012-10-24
1044,"
“上海市配套商品房航头基地社区卫生服务中心项目”规划设计方案公示
",2012-10-23
1045,"
“上海市公安局浦东分局东明路派出所迁建工程项目”规划设计方案公示
",2012-10-23
1046,"
“上海市保障性住房三林基地C7-1地块小学新建项目”规划设计方案公示
",2012-10-22
1047,"
“上海市保障性住房三林基地C7-3地块中学新建项目”规划设计方案公示
",2012-10-22
1048,"
“惠南镇大型居住社区规划1街坊E03-02建设工程”规划设计方案的补充公示
",2012-10-19
1049,"
“惠南镇大型居住社区规划2街坊E01-02建设工程”规划设计方案的补充公示
",2012-10-19
1050,"
“高行集镇B1-6地块商务办公楼项目”规划设计方案公示
",2012-10-19
1051,"
“张家浜楔形绿地人才公寓一期项目”规划设计方案公示
",2012-10-18
1052,"
“世纪大道SB1-1项目”规划设计方案公示
",2012-10-17
1053,"
“浦东新区周浦镇平玻厂‘退二进三’（公租房）建设工程项目”规划设计方案公示
",2012-10-11
1054,"
“浦东新区高桥镇34街坊15丘商品房项目”规划设计方案公示
",2012-10-10
1055,"
“浦东新区高东集镇14-1地块项目”规划设计方案公示
",2012-10-08
1056,"
“北蔡御桥社区09-01地块商业办公项目”规划设计方案公示
",2012-09-28
1057,"
“周浦15#地块（一期）项目”规划设计调整方案的公示
",2012-09-28
1058,"
“宣桥镇04-02保障房项目”规划设计方案公示
",2012-09-28
1059,"
“鑫陇大厦（暂定名）”规划设计方案公示
",2012-09-27
1060,"
“黄浦江沿岸E18地块（9-3地块）项目”规划设计方案公示
",2012-09-27
1061,"
“祝桥新镇E5地块普通商品房项目”规划设计方案公示
",2012-09-27
1062,"
“源深路一号项目”规划设计方案公示
",2012-09-26
1063,"
“长城澜溪岸城项目四期项目”规划设计方案的补充公示
",2012-09-25
1064,"
“川沙新镇C-04地块住宅宾馆项目”规划设计方案公示
",2012-09-24
1065,"
“张家浜楔型绿地住宅三期街坊站调整”规划设计方案公示
",2012-09-21
1066,"
“上海市配套商品房曹路基地C-1-2幼儿园建设项目”规划设计方案公示
",2012-09-20
1067,"
“惠南民乐大型居住社区L01-02地块项目”规划设计方案的补充公示
",2012-09-18
1068,"
“上海市浦东新区民乐大型居住社区E06-01幼托地块项目”规划设计方案公示
",2012-09-15
1069,"
“上海市浦东新区民乐大型居住社区A03-05菜场地块项目”规划设计方案公示
",2012-09-15
1070,"
“上海市浦东新区民乐大型居住社区A03-04托老所地块项目”规划设计方案公示
",2012-09-15
1071,"
“上海市浦东新区民乐大型居住社区A03-01幼托地块项目”规划设计方案公示
",2012-09-15
1072,"
“浦东新区民乐大型居住社区L02-01地块动迁房安置项目”规划设计方案的补充公示
",2012-09-14
1073,"
“惠南镇大型居住社区规划3街坊A02-08建设项目”规划设计方案的补充公示
",2012-09-12
1074,"
“惠南民乐大型居住社区L01-02地块项目”规划设计方案公示
",2012-09-07
1075,"
“祝桥社区服务中心（1-4-3地块）项目”规划设计方案公示
",2012-09-06
1076,"
“华钜御庭A14-3地块项目”规划设计方案的补充公示
",2012-09-04
1077,"
“丽景苑三、四期（商住楼）项目”规划设计方案的补充公示
",2012-09-03
1078,"
“上海南汇宣桥镇三灶社区动迁配套商品房局部调整项目”规划设计方案的补充公示
",2012-09-03
1079,"
“上海市大型居住社区周康航拓展基地初中1号地块（B-06-02）项目”规划设计方案公示
",2012-09-03
1080,"
“上海市大型居住社区周康航拓展基地小学2号地块（B-05-02）项目”规划设计方案公示
",2012-09-03
1081,"
“上海保障性住房三林基地C1-6地块菜场公建项目”规划设计方案公示
",2012-08-31
1082,"
“上海市保障性住房三林基地E1-4地块社区文化体育中心项目”规划设计方案公示
",2012-08-31
1083,"
“张家浜滨河绿地项目”规划设计方案公示
",2012-08-31
1084,"
“大华锦绣华城8-3地块商业项目”规划设计方案公示
",2012-08-30
1085,"
“上海市大型居住社区周康航拓展基地C-06-09动迁安置房地块（动5）项目”规划设计方案公示
",2012-08-30
1086,"
“前滩滨江�望塔项目”规划设计方案公示
",2012-08-29
1087,"
“浦东新区民乐大型居住社区L02-01地块动迁房安置项目”规划设计方案公示
",2012-08-29
1088,"
“上海市配套商品房浦东新区航头镇基地5号地块M-1开关站2项目”规划设计方案公示
",2012-08-25
1089,"
“苹果”雕塑公示
",2012-08-24
1090,"
“惠南新市镇17-11-05、17-11-08储备地块建设项目”规划设计方案公示
",2012-08-24
1091,"
“上海市大型居住社区周康航拓展基地C-05-11经济适用房地块项目”规划设计方案公示
",2012-08-23
1092,"
“祝桥二期4#地块配套商品房工程”规划设计方案公示
",2012-08-20
1093,"
“三林05-08地块配套公建项目”规划设计方案公示
",2012-08-17
1094,"
“瑞苑二期办公楼项目”规划设计方案公示
",2012-08-16
1095,"
“前滩国际教育中心项目”规划设计方案公示
",2012-08-16
1096,"
“上海船厂（浦东）区域2E7-1地块项目”规划设计方案公示
",2012-08-15
1097,"
“中海网络科技股份有限公司研发中心综合楼项目”规划设计方案公示
",2012-08-10
1098,"
“惠南民乐大型居住社区二期B09-01地块项目”规划设计方案的补充公示
",2012-08-09
1099,"
“惠南民乐大型居住社区二期B08-01地块项目”规划设计方案的补充公示
",2012-08-09
1100,"
“沪东之兴”雕塑公示
",2012-08-09
1101,"
“为民”雕塑公示
",2012-08-09
1102,"
“金桥出口加工区14-2地块通用厂房新建项目”规划设计方案公示
",2012-07-31
1103,"
“航头中学新建工程项目”规划设计方案公示
",2012-07-30
1104,"
“新场镇公交枢纽站项目”规划设计方案公示
",2012-07-27
1105,"
“上海市大型居住社区周康航拓展基地小学1号地块（A-01-02）项目”规划设计方案公示
",2012-07-26
1106,"
“上海市大型居住社区周康航拓展基地幼儿园2号地块（A-01-01）项目”规划设计方案公示
",2012-07-26
1107,"
“上海市大型居住社区周康航拓展基地幼儿园4号地块（B-07-07）项目”规划设计方案公示
",2012-07-26
1108,"
“惠南民乐大型居住社区二期B09-01地块项目”规划设计方案公示
",2012-07-25
1109,"
“惠南民乐大型居住社区二期B08-01地块项目”规划设计方案公示
",2012-07-25
1110,"
“浦东新区航头拓展大型居住社区（回搬基地配套商品房）6街坊建设工程项目”规划设计方案公示
",2012-07-25
1111,"
“浦东新区航头拓展大型居住社区（回搬基地配套商品房）4街坊建设工程项目”规划设计方案公示
",2012-07-25
1112,"
“上海市东沟北地块（05-0206-04）住宅小区项目”规划设计方案公示
",2012-07-23
1113,"
“卫生保健中心（浦东）项目”规划设计方案公示
",2012-07-20
1114,"
“上海品食乐冷冻食品有限公司食品研发中心项目”规划设计方案公示
",2012-07-20
1115,"
“上海之忠房地产开发有限公司浦东大道2770弄4号基地”规划设计方案公示
",2012-07-17
1116,"
“耀华地区19-1地块公共租赁住房项目”规划设计方案公示
",2012-07-16
1117,"
“锦华（北蔡）居住区3-2#地块商品房项目”局部调整规划设计方案公示
",2012-07-12
1118,"
“上海涌盛制衣有限公司新建车间”项目规划设计方案公示
",2012-07-10
1119,"
“市属配套商品房浦江原选址基地N12-03幼儿园”项目规划设计方案公示
",2012-07-10
1120,"
“豪全花园三期项目”规划设计方案公示
",2012-07-06
1121,"
“市保障性住房浦江原选址基地S10-04地块幼儿园”项目规划设计方案公示
",2012-06-28
1122,"
“市保障性住房浦江原选址基地S10-03地块九年一贯制学校项目”规划设计方案公示
",2012-06-28
1123,"
“鲁班锁”雕塑公示
",2012-06-28
1124,"
“上海临港大酒店配套宴会厅项目”规划设计方案公示
",2012-06-27
1125,"
“上海市大型居住社区周康航拓展基地B-07-06、B-08-05动迁安置房地块（动2）项目”规划设计方案...
",2012-06-26
1126,"
“上海市大型居住社区周康航拓展基地B-07-03、B-08-01动迁安置房地块（动1）项目”规划设计方案...
",2012-06-26
1127,"
“周浦15#地块（一期）项目”规划设计方案公示
",2012-06-26
1128,"
“上海丽景苑（三、四期）项目”规划设计方案公示
",2012-06-20
1129,"
“上海阳明花园广场二期项目”规划设计方案第三次公示
",2012-06-14
1130,"
“上海市大型居住社区周康航拓展基地幼儿园1号地块（A-02-03）项目”规划设计方案公示
",2012-06-14
1131,"
“北蔡御桥社区09-01地块商业办公项目”规划设计方案公示
",2012-06-12
1132,"
“惠南一方新城二期垃圾收集站”项目规划设计方案公示
",2012-06-12
1133,"
“祝桥镇公建配套初中前程学校（1-1-7地块）项目”规划设计方案公示
",2012-06-05
1134,"
“祝桥镇祝康幼儿园（1-4-4地块）项目”规划设计方案公示
",2012-06-05
1135,"
“长城澜溪岸城项目四期”规划设计方案公示
",2012-05-28
1136,"
“浦东新区祝桥镇E6地块住宅项目”规划设计方案公示
",2012-05-18
1137,"
“浦东新区公路管理署道班用房迁建项目”规划设计方案公示
",2012-05-16
1138,"
“三林新村公交首末站”规划设计方案公示
",2012-05-14
1139,"
“上海新场镇汇锦城幼儿园项目”规划设计方案公示
",2012-05-04
1140,"
“上海南汇第一中学新建教学楼”项目规划设计方案公示
",2012-04-28
1141,"
“花木老集镇改造基地1号地块商品住宅项目”规划设计方案公示
",2012-04-25
1142,"
“御桥小区B地块16-02（H块）商业项目”规划设计方案公示
",2012-04-25
1143,"
“曹路工商所迁建项目设计方案局部调整”规划设计方案公示
",2012-04-20
1144,"
“惠南镇18街坊20-4丘地块设施改造工程（训练场配套设施用房-交通）”规划设计方案公示
",2012-04-19
1145,"
“艺泰一品花园”项目规划设计方案公示
",2012-04-18
1146,"
“地杰国际城B街坊项目（13-17地块、13-18地块）”第二次方案公示
",2012-04-16
1147,"
“上海阳明花园广场二期”项目规划设计方案再公示
",2012-04-09
1148,"
“浦东新区曹路镇基地3号地块”项目规划设计方案公示
",2012-04-01
1149,"
“三林济阳路文化体育中心”规划设计方案公示
",2012-04-01
1150,"
“浦东新区高桥镇34街坊15丘商品房项目”规划设计方案公示
",2012-03-31
1151,"
“竹园商贸区2-16-2地块项目”规划设计方案公示
",2012-03-22
1152,"
“锦华（北蔡）居住区4#地块动迁配套用房”项目规划设计方案公示
",2012-03-21
1153,"
“上海地杰国际城C街坊C-3配套商业”规划设计方案公示
",2012-03-21
1154,"
“三林新村社会福利事业中心（含敬老院）”规划设计方案公示
",2012-03-19
1155,"
“上海汇郡投资有限公司东沟项目”规划设计方案公示
",2012-03-15
1156,"
“三林新村社区服务中心办公楼”规划设计方案公示
",2012-03-13
1157,"
“海富城市花园二期C’地块”规划设计调整方案公示
",2012-03-11
1158,"
“航头镇下沙社区建设配套设施”项目规划设计方案公示
",2012-03-02
1159,"
“川沙新镇小普陀寺重建项目”规划设计方案公示
",2012-02-20
1160,"
“上海阳明花园广场二期”项目规划设计方案公示
",2012-02-18
1161,"
“锦绣华城2-4地块商业项目”规划设计方案公示
",2012-02-14
1162,"
“锦绣华城4-2-3地块商业配套项目”规划设计方案公示
",2012-02-14
1163,"
“东方纯一大厦”规划设计方案公示
",2012-01-20
1164,"
“川沙镇C08-13地块配套商品房项目”规划设计方案公示
",2012-01-20
1165,"
“川沙新市镇C02-18地块商业用房”规划设计方案公示
",2012-01-20
1166,"
“中邦康城C地块”规划设计方案公示
",2012-01-18
1167,"
“外高桥新市镇E03-08地块商业住宅项目”规划设计方案公示
",2012-01-16
1168,"
“外高桥新市镇E03-07地块商业住宅项目”规划设计方案公示
",2012-01-16
1169,"
“高桥镇B11-06地块商业文体项目”规划设计方案公示
",2011-12-31
1170,"
“地杰国际城B街坊项目”规划设计方案公示
",2011-12-29
1171,"
“品高月亮湾商业项目”规划设计方案公示
",2011-12-26
1172,"
“北蔡南新小区6-5地块（亿家美南新生活广场）菜场项目”规划设计方案公示
",2011-12-20
1173,"
“三林新村C（2#）地块配套商品房开关站、街坊站项目”规划设计方案公示
",2011-12-20
1174,"
“诗慕华服装设计大楼项目”规划设计方案公示
",2011-12-20
1175,"
“三林城W1-15地块项目”规划设计方案公示
",2011-12-19
1176,"
“川沙新市镇A03-02地块配套商品房项目”规划设计方案公示
",2011-12-16
1177,"
“上海市唐镇新市镇E-12-4地块动迁安置房项目”规划设计方案公示
",2011-12-16
1178,"
“上海汇郡投资有限公司东沟项目”规划设计方案公示
",2011-12-16
1179,"
“黎明资源再利用中心”规划设计方案公示
",2011-12-16
1180,"
“景华园小区住宅项目”规划设计方案公示
",2011-12-13
1181,"
关于“黎明资源再利用中心”规划设计方案公示预公告的通告
",2011-12-13
1182,"
“三林集镇B5-4、B5-5地块商业、文化设施项目”规划设计方案公示
",2011-12-12
1183,"
“海防新村11-42号旧住房成套改造项目”规划设计方案公示
",2011-11-29
1184,"
“三林集镇A12-4地块商业、办公项目”规划设计方案公示
",2011-11-25
1185,"
“上海金苹果学校扩建教师招待所及幼儿园（部）项目”规划设计方案公示
",2011-11-25
1186,"
“南码头街道8街坊15/1宗地块住宅项目”规划设计方案公示
",2011-11-08
1187,"
“绿地富强新苑（2号地块）变电站项目”规划设计方案公示
",2011-11-07
1188,"
“上海市保障性住房三林基地7号地块D4-1变电站项目”规划设计方案公示
",2011-11-04
1189,"
“建平商务大厦（暂名）”规划设计方案公示
",2011-10-27
1190,"
“浦东新区新场镇D-07-01及D-07-02地块（裕景・汇庭（暂定））商品房建设项目”项目规划设计方案...
",2011-10-19
1191,"
“浦东新区唐镇1号区级动迁基地W18-6街坊保障房”项目规划设计方案的公示
",2011-10-19
1192,"
“浦兴教育地块配套中学新建工程”项目规划设计方案公示
",2011-10-19
1193,"
""上海市保障性住房上南路3301号基地建设项目""规划设计方案公示
",2011-10-19
1194,"
“曹路基地E-3-2小学”项目规划设计方案公示
",2011-10-13
1195,"
“上海船厂（浦东）区域2E5-1（1#、2#、3#）地块项目”规划设计方案公示
",2011-10-13
1196,"
“浦东新区北蔡镇南新1号1-2地块动迁安置房项目”规划设计方案公示
",2011-10-12
1197,"
“张家浜楔形绿地住宅三期项目”规划设计方案公示
",2011-09-29
1198,"
""上海曹路新市镇A4-8地块办公用房项目""规划设计方案公示
",2011-09-29
1199,"
“浦东民邸.艾东苑15-16地块保障性公租房项目”规划设计方案公示
",2011-09-26
1200,"
""上海市配套商品房三林基地三杨新村（三林A7-3、A8-1地块）变电站调整项目""规划设计方案公示
",2011-09-22
1201,"
“民乐大型居住社区动迁安置住房E06-03地块项目”规划设计方案公示
",2011-09-22
1202,"
“民乐大型居住社区动迁安置住房E06-02地块项目”规划设计方案公示
",2011-09-22
1203,"
“民乐大型居住社区动迁安置住房E02-05地块项目”规划设计方案公示
",2011-09-22
1204,"
“民乐大型居住社区动迁安置住房E02-01地块项目”规划设计方案公示
",2011-09-22
1205,"
“民乐大型居住社区动迁安置住房A03-14地块项目”规划设计方案公示
",2011-09-22
1206,"
“民乐大型居住社区动迁安置住房A03-08地块项”规划设计方案公示
",2011-09-22
1207,"
“民乐大型居住社区动迁安置住房A02-04地块项目”规划设计方案公示
",2011-09-22
1208,"
“民乐大型居住社区动迁安置住房A01-02地块项目”规划设计方案公示
",2011-09-22
1209,"
“民乐大型居住社区经济适用住房D07-02地块项目”规划设计方案公示
",2011-09-22
1210,"
“民乐大型居住社区经济适用住房D01-04地块项目”规划设计方案公示
",2011-09-22
1211,"
“民乐大型居住社区经济适用住房C01-05地块项目”规划设计方案公示
",2011-09-22
1212,"
“民乐大型居住社区经济适用住房C01-02地块项目”规划设计方案公示
",2011-09-22
1213,"
“浦江镇基地N12-01地块项目”规划设计方案公示
",2011-09-21
1214,"
“上海曹路新市镇A4-13地块商业项目”规划设计方案公示
",2011-09-20
1215,"
“浦东新区曹路镇基地3号地块”规划设计方案公示
",2011-09-14
1216,"
“建平商务大厦（暂定名）项目”规划设计方案公示
",2011-09-09
1217,"
“陆家嘴金融城梧桐公寓项目”规划设计方案公示
",2011-09-09
1218,"
“世纪公园七号门餐厅扩建工程”规划设计方案公示
",2011-09-08
1219,"
“东郊商办中心项目”规划设计方案公示
",2011-08-30
1220,"
“浦东新区航头镇25-01地块项目”规划设计方案公示
",2011-08-29
1221,"
“浦东新区航头镇22-06地块项目”规划设计方案公示
",2011-08-29
1222,"
“上海国际金融中心项目”规划设计方案公示
",2011-08-25
1223,"
“上海市大型居住社区新选址航头基地12-01/13-01/15-02地块项目”规划设计方案公示
",2011-08-24
1224,"
“浦东新区重度残疾人寄养院（二期）扩建工程项目”规划设计方案公示
",2011-08-24
1225,"
“周康航配套商品房基地A-02-05、A-03-01地块商业、垃圾房、开关站项目”规划设计方案公示
",2011-08-22
1226,"
“三林小城镇C5-1地块商品房项目”规划设计方案公示
",2011-08-18
1227,"
“曹路大基地南扩区B07-02地块项目”规划设计方案公示
",2011-08-17
1228,"
“曹路大基地南扩区B11-11地块保障性住房（动迁安置房）项目”规划设计方案公示
",2011-08-17
1229,"
“曹路大基地南扩区B08-10地块项目”规划设计方案公示
",2011-08-17
1230,"
“上海浦东欧罗生产厂房项目”规划设计方案公示
",2011-08-16
1231,"
“华东路商业楼项目”规划设计方案公示
",2011-08-16
1232,"
“上海豪全花园项目三期”规划设计方案公示
",2011-08-15
1233,"
“源深路1号项目”规划设计方案公示
",2011-08-11
1234,"
“上海阳明花园广场二期项目”规划设计方案公示
",2011-08-09
1235,"
“上海南汇金地城变电所项目”规划设计方案公示
",2011-08-01
1236,"
“绿洲康城E-14地块商业A、B楼项目内部分割局部调整”规划设计方案公示
",2011-07-22
1237,"
“金桥镇108街坊1/1地块商业中心项目”规划设计方案公示
",2011-07-18
1238,"
“风生水起”雕塑方案公示
",2011-07-07
1239,"
“浦东新区大团高级中学西侧储备用地项目”规划设计方案公示
",2011-07-04
1240,"
“唐镇新市镇E-2-1、E-2-7地块动迁安置房项目”规划设计方案公示
",2011-07-01
1241,"
“浦东新区外高桥新市镇D03-06-1商品房项目（外高桥未来森兰）”规划设计方案公示
",2011-06-30
1242,"
“唐镇新市镇A-1-7地块规划及建筑设计项目”规划设计方案公示
",2011-06-27
1243,"
“浦东新区X4-3地块临时配套管理用房项目”规划设计方案公示
",2011-06-24
1244,"
“上海市保障性住房三林基地A2-5地块社区文化活动中心项目”规划设计方案公示
",2011-06-23
1245,"
“浦东新区高桥镇9-10-3、9-7-2、10-5地块配套商品房项目”规划设计方案公示
",2011-06-23
1246,"
“浦东新区X-01地块（富城路）临时配套管理用房项目”规划设计方案公示
",2011-06-17
1247,"
“浦东新区曹路新城市商业广场项目”规划设计方案公示
",2011-06-17
1248,"
“浦东新区四季雅苑五期地下停车库项目”规划设计方案公示
",2011-06-16
1249,"
“浦东新区新场古镇养老中心项目”规划设计方案公示
",2011-06-16
1250,"
“浦东新区高桥镇凌桥社区动迁房基地N3-5地块项目”规划设计方案公示
",2011-06-14
1251,"
“浦东新区高桥镇凌桥社区动迁房基地N2-6地块项目”规划设计方案公示
",2011-06-13
1252,"
“南汇区配套商品房祝桥镇B地块商业用房项目”规划设计方案公示
",2011-06-13
1253,"
“张家浜37-A地块商办楼（金之源大厦）项目”规划设计方案公示
",2011-06-13
1254,"
“浦东万科铜山街小学项目”规划设计方案公示
",2011-06-10
1255,"
“南码头街道8街坊15-1地块住宅项目”规划设计方案公示
",2011-06-03
1256,"
金桥地区雕塑公示
",2011-05-30
1257,"
“培花新村休闲公园项目”规划设计方案公示
",2011-05-27
1258,"
“浦东新区人口和计划生育指导中心项目”规划设计方案公示
",2011-05-26
1259,"
“蓝十字锦绣康复医院新建项目”规划设计方案公示
",2011-05-23
1260,"
“禹洲商业广场”规划设计方案公示
",2011-05-20
1261,"
“地面沉降监测与测试实验室建设项目”规划设计方案公示
",2011-05-18
1262,"
“上海市保障性住房三林基地3号地块（C2-1地块）A18开关站、A19街坊站、A20街坊站、垃圾收集房、...
",2011-05-16
1263,"
“外高桥新市镇D03-03-1地块商业用房项目”规划设计方案公示
",2011-05-13
1264,"
“外高桥新市镇D03-03-2地块居住区配套菜场项目”规划设计方案公示
",2011-05-13
1265,"
“三林集镇A14-1地块住宅项目”规划设计方案公示
",2011-05-11
1266,"
“浦东新区曹路大型居住社区E-1-1地块动迁安置房项目”规划设计方案公示
",2011-05-03
1267,"
“陆家嘴金色阳光项目”规划设计方案公示
",2011-04-29
1268,"
“世纪大道SN1地块（浦东金融广场）项目”规划设计方案公示
",2011-04-29
1269,"
“陆家嘴软件园13号楼项目”规划设计方案公示
",2011-04-29
1270,"
“陆家嘴金融城临时配套管理用房（B6-7地块）项目”规划设计方案公示
",2011-04-26
1271,"
“陆家嘴金融城临时配套管理用房（B3-3地块）项目”规划设计方案公示
",2011-04-26
1272,"
“陆家嘴金融城临时配套管理用房（配套建筑E改扩建）项目”规划设计方案公示
",2011-04-26
1273,"
“陆家嘴金融城临时配套管理用房（X0-1地块3#楼）项目”规划设计方案公示
",2011-04-26
1274,"
“陆家嘴金融城临时配套管理用房（X0-1地块2#楼）项目”规划设计方案公示
",2011-04-26
1275,"
“陆家嘴金融城临时配套管理用房（X0-1地块1#楼）项目”规划设计方案公示
",2011-04-26
1276,"
“浦东新区世茂滨江花园文教区学校项目”规划设计方案公示
",2011-04-25
1277,"
“浦东新区三林集镇A12-4地块商业、办公项目”规划设计方案公示
",2011-04-18
1278,"
“浦东新区高桥镇凌桥社区N4-3地块动迁安置房”规划设计方案公示
",2011-04-08
1279,"
“上海康汇药用包装制品有限公司厂房改建工程”规划设计方案公示
",2011-04-02
1280,"
“浦东新区保障性住宅三林基地B1-4地块（东方康德家园三期）”规划设计方案公示
",2011-04-02
1281,"
“高桥镇A08-17地块住宅项目”规划设计方案公示
",2011-03-31
1282,"
“浦东新区保障性住宅三林基地C3-4地块（东方康达家苑二期，动迁房）项目”规划设计方案公示
",2011-03-29
1283,"
“万科铜山街项目”规划设计方案公示
",2011-03-28
1284,"
“浦东新区证大九间堂别墅西区住宅小区项目”规划设计方案公示
",2011-03-25
1285,"
“浦东新区新场镇9号地块配套商品房和社区配套用房项目”规划设计方案公示
",2011-03-22
1286,"
“证大九间堂别墅西区住宅小区”项目规划设计方案公示
",2011-03-21
1287,"
“上海宝井钢材加工配送有限公司搬迁工程”规划设计方案公示
",2011-03-18
1288,"
“南码头社区卫生服务中心征地改扩建”规划设计方案公示
",2011-03-17
1289,"
“上海斯凯达彩色印务有限公司车间改建工程”规划设计方案公示
",2011-03-17
1290,"
“上海规范科研综合楼项目”规划设计方案公示
",2011-03-14
1291,"
“金杨商业中心”规划设计方案公示
",2011-03-14
1292,"
""上海市浦东新区高东镇10-4地块配套商品房项目""规划设计方案公示
",2011-03-11
1293,"
“溢泽华庭建设项目”规划设计方案公示
",2011-02-28
1294,"
“南码头街道8街坊15/1宗地块住宅发展项目”规划设计方案公示
",2011-02-25
1295,"
“金杨社区香山服务分中心”规划设计方案公示
",2011-02-21
1296,"
“上海市保障性住房三林基地A1-5地块幼儿园”规划设计方案公示
",2011-01-26
1297,"
“上海市保障性住房三林基地C5-3地块幼儿园”规划设计方案公示
",2011-01-26
1298,"
“上海市保障性住房三林基地B1-3地块幼儿园”规划设计方案公示
",2011-01-26
1299,"
“南码头社区卫生服务中心征地改扩建”规划设计方案公示
",2011-01-26
1300,"
“上海车市商业展示中心”规划设计方案公示
",2011-01-25
1301,"
“上海市保障性住房三林基地D2-5地块幼儿园”规划设计方案公示
",2011-01-21
1302,"
“上海市保障性住房三林基地C4-6地块菜场及公共厕所”规划设计方案公示
",2011-01-17
1303,"
“上海市保障性住房三林基地A6-2地块幼儿园”规划设计方案公示
",2011-01-11
1304,"
“北蔡鹏海居住区配套公园”规划设计方案
",2011-01-11
1305,"
”森宏购物广场（原浦东三林百安居家居商业广场）“规划设计方案公示
",2010-12-31
1306,"
“上海市保障性住房三林基地A2-4地块菜场及公共厕所”规划设计方案公示
",2010-12-23
1307,"
“景华园小区住宅项目”规划设计方案公示
",2010-12-22
1308,"
“浦东新区城管执法支队督查（机动）二大队迁建办公用房”规划设计方案公示
",2010-12-16
1309,"
“中邦城市花园（C地块）建设项目”规划设计方案公示
",2010-12-08
1310,"
“上海国金中心内装饰艺术品”雕塑设计方案公示
",2010-12-02
1311,"
“和谐之树”雕塑设计方案公示
",2010-11-26
1312,"
“上海数字电视产业基地厂房改扩建项目”规划设计方案公示
",2010-11-25
1313,"
“北蔡鹏海区级动迁基地D5地块社区管理中心”规划设计方案公示
",2010-11-24
1314,"
“北蔡鹏海区级动迁基地D6地块社区服务中心”规划设计方案公示
",2010-11-24
1315,"
“北蔡鹏海配套幼儿园、中学新建工程”规划设计方案公示
",2010-11-15
1316,"
“上海市保障性住宅三林基地C4-5地块街坊站、围墙”规划设计方案公示
",2010-11-09
1317,"
“康桥新天地商务中心”规划设计方案公示
",2010-11-04
1318,"
“中房三林社区04-02地块配套中学、04-04地块配套幼儿园”规划设计方案公示
",2010-11-02
1319,"
“花木老集镇改造基地1号地块商品住宅”规划设计方案公示
",2010-10-27
1320,"
“上海市浦东新区曹路大型居住社区（北块）配套完全中学”规划设计方案公示
",2010-10-20
1321,"
“宣桥镇文化活动中心”规划设计方案公示
",2010-10-15
1322,"
“上海市保障性住房三林基地E1-1地块社区行政中心”规划设计方案公示
",2010-10-13
1323,"
“上海国际医学园区配套商品房A区1号、2号地块建设项目”规划设计方案公示
",2010-09-26
1324,"
“航头镇7街坊19/7丘地块改扩建工程(二期)项”规划设计方案公示
",2010-09-25
1325,"
“御景熙岸公寓B区”规划设计方案公示
",2010-09-13
1326,"
“张家浜楔形绿地幼儿园及配套公建（D1-18至21地块）”规划设计方案公示
",2010-09-06
1327,"
“上海曹路（基地）大型居住社区H-2-1地块”规划设计方案公示
",2010-09-01
1328,"
“新场镇汇锦城3#地块三、四期”规划设计方案公示
",2010-08-27
1329,"
“竹园商贸区2-16-2地块项目”规划设计方案公示
",2010-08-24
1330,"
“新场镇汇锦城2#地块”规划设计方案公示
",2010-08-24
1331,"
“上海国际医学园区配套商品房A区1号、2号地块建设项目”规划设计方案公示
",2010-08-13
1332,"
“新场镇C4地块商品住宅项目”规划设计方案公示
",2010-08-13
1333,"
“浦东星河湾二期A区住宅”规划设计方案公示
",2010-08-11
1334,"
“绿地富强新苑（2号地块）”规划设计方案公示
",2010-07-22
